Date ,Days,Total,,,,,,,,
1-Jan-19,Tue,"33,450",,,,,,,,
2-Jan-19,Wed,"32,922",,,,,,,,
3-Jan-19,Thu,"36,177",,,,,,,,
4-Jan-19,Fri,"35,193",,,,,,,,
5-Jan-19,Sat,"36,324",,,,,,,,
6-Jan-19,Sun,"32,685",,,,,,,,
7-Jan-19,Mon,"30,107",,,,,,,,
8-Jan-19,Tue,"27,018",,,,,,,,
9-Jan-19,Wed,"27,260",,,,,,,,
10-Jan-19,Thu,"29,721",,,,,,,,
11-Jan-19,Fri,"28,110",,,,,,,,
12-Jan-19,Sat,"30,421",,,,,,,,
13-Jan-19,Sun,"24,871",,,,,,,,
14-Jan-19,Mon,"27,136",,,,,,,,
15-Jan-19,Tue,"23,919",,,,,,,,
16-Jan-19,Wed,"26,742",,,,,,,,
17-Jan-19,Thu,"29,511",,,,,,,,
18-Jan-19,Fri,"30,263",,,,,,,,
19-Jan-19,Sat,"30,640",,,,,,,,
20-Jan-19,Sun,"27,231",,,,,,,,
21-Jan-19,Mon,"25,474",,,,,,,,
22-Jan-19,Tue,"21,980",,,,,,,,
23-Jan-19,Wed,"25,019",,,,,,,,
24-Jan-19,Thu,"26,489",,,,,,,,
25-Jan-19,Fri,"25,485",,,,,,,,
26-Jan-19,Sat,"29,638",,,,,,,,
27-Jan-19,Sun,"25,595",,,,,,,,
28-Jan-19,Mon,"22,347",,,,,,,,
29-Jan-19,Tue,"21,375",,,,,,,,
30-Jan-19,Wed,"23,010",,,,,,,,
31-Jan-19,Thu,"28,086",,,,,,,,
1-Feb-19,Fri,"28,578",,,,,,,,
2-Feb-19,Sat,"33,525",,,,,,,,
3-Feb-19,Sun,"25,324",,,,,,,,
4-Feb-19,Mon,"26,444",,,,,,,,
5-Feb-19,Tue,"26,078",,,,,,,,
6-Feb-19,Wed,"26,638",,,,,,,,
7-Feb-19,Thu,"28,841",,,,,,,,
8-Feb-19,Fri,"28,032",,,,,,,,
9-Feb-19,Sat,"31,847",,,,,,,,
10-Feb-19,Sun,"27,068",,,,,,,,
11-Feb-19,Mon,"26,417",,,,,,,,
12-Feb-19,Tue,"27,267",,,,,,,,
13-Feb-19,Wed,"27,807",,,,,,,,
14-Feb-19,Thu,"31,820",,,,,,,,
15-Feb-19,Fri,"32,635",,,,,,,,
16-Feb-19,Sat,"35,161",,,,,,,,
17-Feb-19,Sun,"32,251",,,,,,,,
18-Feb-19,Mon,"30,793",,,,,,,,
19-Feb-19,Tue,"26,510",,,,,,,,
20-Feb-19,Wed,"28,402",,,,,,,,
21-Feb-19,Thu,"29,171",,,,,,,,
22-Feb-19,Fri,"28,850",,,,,,,,
23-Feb-19,Sat,"32,005",,,,,,,,
24-Feb-19,Sun,"25,616",,,,,,,,
25-Feb-19,Mon,"24,574",,,,,,,,
26-Feb-19,Tue,"22,122",,,,,,,,
27-Feb-19,Wed,"24,953",,,,,,,,
28-Feb-19,Thu,"29,084",,,,,,,,
1-Mar-19,Fri,"30,455",,,,,,,,
2-Mar-19,Sat,"32,085",,,,,,,,
3-Mar-19,Sun,"27,386",,,,,,,,
4-Mar-19,Mon,"26,232",,,,,,,,
5-Mar-19,Tue,"24,109",,,,,,,,
6-Mar-19,Wed,"27,007",,,,,,,,
7-Mar-19,Thu,"31,278",,,,,,,,
8-Mar-19,Fri,"32,485",,,,,,,,
9-Mar-19,Sat,"34,038",,,,,,,,
10-Mar-19,Sun,"30,369",,,,,,,,
11-Mar-19,Mon,"26,768",,,,,,,,
12-Mar-19,Tue,"25,873",,,,,,,,
13-Mar-19,Wed,"27,364",,,,,,,,
14-Mar-19,Thu,"32,082",,,,,,,,
15-Mar-19,Fri,"34,256",,,,,,,,
16-Mar-19,Sat,"35,811",,,,,,,,
17-Mar-19,Sun,"32,398",,,,,,,,
18-Mar-19,Mon,"30,475",,,,,,,,
19-Mar-19,Tue,"29,361",,,,,,,,
20-Mar-19,Wed,"30,692",,,,,,,,
21-Mar-19,Thu,"33,823",,,,,,,,
22-Mar-19,Fri,"35,739",,,,,,,,
23-Mar-19,Sat,"38,572",,,,,,,,
24-Mar-19,Sun,"35,930",,,,,,,,
25-Mar-19,Mon,"34,282",,,,,,,,
26-Mar-19,Tue,"32,330",,,,,,,,
27-Mar-19,Wed,"31,296",,,,,,,,
28-Mar-19,Thu,"33,679",,,,,,,,
29-Mar-19,Fri,"34,986",,,,,,,,
30-Mar-19,Sat,"37,557",,,,,,,,
31-Mar-19,Sun,"33,318",,,,,,,,
1-Apr-19,Mon,"32,381",,,,,,,,
2-Apr-19,Tue,"26,742",,,,,,,,
3-Apr-19,Wed,"27,620",,,,,,,,
4-Apr-19,Thu,"28,202",,,,,,,,
5-Apr-19,Fri,"29,044",,,,,,,,
6-Apr-19,Sat,"31,683",,,,,,,,
7-Apr-19,Sun,"30,336",,,,,,,,
8-Apr-19,Mon,"27,854",,,,,,,,
9-Apr-19,Tue,"24,159",,,,,,,,
10-Apr-19,Wed,"27,889",,,,,,,,
11-Apr-19,Thu,"30,732",,,,,,,,
12-Apr-19,Fri,"31,193",,,,,,,,
13-Apr-19,Sat,"33,486",,,,,,,,
14-Apr-19,Sun,"32,379",,,,,,,,
15-Apr-19,Mon,"28,938",,,,,,,,
16-Apr-19,Tue,"26,672",,,,,,,,
17-Apr-19,Wed,"29,324",,,,,,,,
18-Apr-19,Thu,"31,929",,,,,,,,
19-Apr-19,Fri,"32,114",,,,,,,,
20-Apr-19,Sat,"31,848",,,,,,,,
21-Apr-19,Sun,"28,146",,,,,,,,
22-Apr-19,Mon,"29,417",,,,,,,,
23-Apr-19,Tue,"26,407",,,,,,,,
24-Apr-19,Wed,"26,734",,,,,,,,
25-Apr-19,Thu,"30,291",,,,,,,,
26-Apr-19,Fri,"27,978",,,,,,,,
27-Apr-19,Sat,"31,491",,,,,,,,
28-Apr-19,Sun,"28,498",,,,,,,,
29-Apr-19,Mon,"29,311",,,,,,,,
30-Apr-19,Tue,"28,882",,,,,,,,
1-May-19,Wed,"30,404",,,,,,,,
2-May-19,Thu,"31,244",,,,,,,,
3-May-19,Fri,"31,270",,,,,,,,
4-May-19,Sat,"32,128",,,,,,,,
5-May-19,Sun,"27,896",,,,,,,,
6-May-19,Mon,"27,564",,,,,,,,
7-May-19,Tue,"26,879",,,,,,,,
8-May-19,Wed,"28,475",,,,,,,,
9-May-19,Thu,"30,023",,,,,,,,
10-May-19,Fri,"31,004",,,,,,,,
11-May-19,Sat,"31,736",,,,,,,,
12-May-19,Sun,"27,814",,,,,,,,
13-May-19,Mon,"30,041",,,,,,,,
14-May-19,Tue,"29,615",,,,,,,,
15-May-19,Wed,"29,396",,,,,,,,
16-May-19,Thu,"31,216",,,,,,,,
17-May-19,Fri,"32,139",,,,,,,,
18-May-19,Sat,"33,284",,,,,,,,
19-May-19,Sun,"30,640",,,,,,,,
20-May-19,Mon,"31,694",,,,,,,,
21-May-19,Tue,"29,671",,,,,,,,
22-May-19,Wed,"32,900",,,,,,,,
23-May-19,Thu,"33,512",,,,,,,,
24-May-19,Fri,"34,787",,,,,,,,
25-May-19,Sat,"35,464",,,,,,,,
26-May-19,Sun,"32,857",,,,,,,,
27-May-19,Mon,"30,837",,,,,,,,
28-May-19,Tue,"28,579",,,,,,,,
29-May-19,Wed,"29,530",,,,,,,,
30-May-19,Thu,"32,386",,,,,,,,
31-May-19,Fri,"33,821",,,,,,,,
1-Jun-19,Sat,"35,193",,,,,,,,
2-Jun-19,Sun,"33,338",,,,,,,,
3-Jun-19,Mon,"32,677",,,,,,,,
4-Jun-19,Tue,"31,237",,,,,,,,
5-Jun-19,Wed,"31,424",,,,,,,,
6-Jun-19,Thu,"35,567",,,,,,,,
7-Jun-19,Fri,"36,692",,,,,,,,
8-Jun-19,Sat,"37,181",,,,,,,,
9-Jun-19,Sun,"34,946",,,,,,,,
10-Jun-19,Mon,"35,102",,,,,,,,
11-Jun-19,Tue,"33,473",,,,,,,,
12-Jun-19,Wed,"34,522",,,,,,,,
13-Jun-19,Thu,"35,469",,,,,,,,
14-Jun-19,Fri,"37,218",,,,,,,,
15-Jun-19,Sat,"37,374",,,,,,,,
16-Jun-19,Sun,"37,478",,,,,,,,
17-Jun-19,Mon,"33,892",,,,,,,,
18-Jun-19,Tue,"34,709",,,,,,,,
19-Jun-19,Wed,"36,283",,,,,,,,
20-Jun-19,Thu,"36,019",,,,,,,,
21-Jun-19,Fri,"36,911",,,,,,,,
22-Jun-19,Sat,"38,087",,,,,,,,
23-Jun-19,Sun,"37,851",,,,,,,,
24-Jun-19,Mon,"35,727",,,,,,,,
25-Jun-19,Tue,"34,322",,,,,,,,
26-Jun-19,Wed,"36,507",,,,,,,,
27-Jun-19,Thu,"36,694",,,,,,,,
28-Jun-19,Fri,"38,116",,,,,,,,
29-Jun-19,Sat,"38,473",,,,,,,,
30-Jun-19,Sun,"38,723",,,,,,,,
1-Jul-19,Mon,"36,785",,,,,,,,
2-Jul-19,Tue,"36,091",,,,,,,,
3-Jul-19,Wed,"37,315",,,,,,,,
4-Jul-19,Thu,"36,262",,,,,,,,
5-Jul-19,Fri,"37,063",,,,,,,,
6-Jul-19,Sat,"37,547",,,,,,,,
7-Jul-19,Sun,"36,542",,,,,,,,
8-Jul-19,Mon,"36,127",,,,,,,,
9-Jul-19,Tue,"35,148",,,,,,,,
10-Jul-19,Wed,"35,769",,,,,,,,
11-Jul-19,Thu,"34,507",,,,,,,,
12-Jul-19,Fri,"36,396",,,,,,,,
13-Jul-19,Sat,"37,420",,,,,,,,
14-Jul-19,Sun,"37,847",,,,,,,,
15-Jul-19,Mon,"35,426",,,,,,,,
16-Jul-19,Tue,"34,187",,,,,,,,
17-Jul-19,Wed,"36,541",,,,,,,,
18-Jul-19,Thu,"34,984",,,,,,,,
19-Jul-19,Fri,"37,504",,,,,,,,
20-Jul-19,Sat,"38,455",,,,,,,,
21-Jul-19,Sun,"37,400",,,,,,,,
22-Jul-19,Mon,"36,655",,,,,,,,
23-Jul-19,Tue,"35,240",,,,,,,,
24-Jul-19,Wed,"36,375",,,,,,,,
25-Jul-19,Thu,"36,924",,,,,,,,
26-Jul-19,Fri,"37,549",,,,,,,,
27-Jul-19,Sat,"39,306",,,,,,,,
28-Jul-19,Sun,"37,893",,,,,,,,
29-Jul-19,Mon,"37,505",,,,,,,,
30-Jul-19,Tue,"35,344",,,,,,,,
31-Jul-19,Wed,"35,455",,,,,,,,
1-Aug-19,Thu,"37,095",,,,,,,,
2-Aug-19,Fri,"37,656",,,,,,,,
3-Aug-19,Sat,"39,389",,,,,,,,
4-Aug-19,Sun,"37,657",,,,,,,,
5-Aug-19,Mon,"36,635",,,,,,,,
6-Aug-19,Tue,"34,669",,,,,,,,
7-Aug-19,Wed,"34,945",,,,,,,,
8-Aug-19,Thu,"35,868",,,,,,,,
9-Aug-19,Fri,"36,596",,,,,,,,
10-Aug-19,Sat,"38,095",,,,,,,,
11-Aug-19,Sun,"35,557",,,,,,,,
12-Aug-19,Mon,"34,074",,,,,,,,
13-Aug-19,Tue,"31,569",,,,,,,,
14-Aug-19,Wed,"32,780",,,,,,,,
15-Aug-19,Thu,"35,272",,,,,,,,
16-Aug-19,Fri,"34,353",,,,,,,,
17-Aug-19,Sat,"35,854",,,,,,,,
18-Aug-19,Sun,"32,894",,,,,,,,
19-Aug-19,Mon,"33,652",,,,,,,,
20-Aug-19,Tue,"28,204",,,,,,,,
21-Aug-19,Wed,"28,965",,,,,,,,
22-Aug-19,Thu,"31,022",,,,,,,,
23-Aug-19,Fri,"30,476",,,,,,,,
24-Aug-19,Sat,"32,705",,,,,,,,
25-Aug-19,Sun,"29,346",,,,,,,,
26-Aug-19,Mon,"27,394",,,,,,,,
27-Aug-19,Tue,"24,095",,,,,,,,
28-Aug-19,Wed,"27,843",,,,,,,,
29-Aug-19,Thu,"31,854",,,,,,,,
30-Aug-19,Fri,"34,053",,,,,,,,
31-Aug-19,Sat,"33,804",,,,,,,,
1-Sep-19,Sun,"29,287",,,,,,,,
2-Sep-19,Mon,"27,852",,,,,,,,
3-Sep-19,Tue,"25,958",,,,,,,,
4-Sep-19,Wed,"25,691",,,,,,,,
5-Sep-19,Thu,"26,891",,,,,,,,
6-Sep-19,Fri,"27,913",,,,,,,,
7-Sep-19,Sat,"29,628",,,,,,,,
8-Sep-19,Sun,"27,983",,,,,,,,
9-Sep-19,Mon,"26,096",,,,,,,,
10-Sep-19,Tue,"26,467",,,,,,,,
11-Sep-19,Wed,"25,920",,,,,,,,
12-Sep-19,Thu,"28,095",,,,,,,,
13-Sep-19,Fri,"28,663",,,,,,,,
14-Sep-19,Sat,"31,056",,,,,,,,
15-Sep-19,Sun,"28,655",,,,,,,,
16-Sep-19,Mon,"29,554",,,,,,,,
17-Sep-19,Tue,"26,323",,,,,,,,
18-Sep-19,Wed,"27,215",,,,,,,,
19-Sep-19,Thu,"28,643",,,,,,,,
20-Sep-19,Fri,"29,555",,,,,,,,
21-Sep-19,Sat,"30,299",,,,,,,,
22-Sep-19,Sun,"28,239",,,,,,,,
23-Sep-19,Mon,"29,058",,,,,,,,
24-Sep-19,Tue,"25,906",,,,,,,,
25-Sep-19,Wed,"25,589",,,,,,,,
26-Sep-19,Thu,"28,633",,,,,,,,
27-Sep-19,Fri,"28,560",,,,,,,,
28-Sep-19,Sat,"29,695",,,,,,,,
29-Sep-19,Sun,"27,861",,,,,,,,
30-Sep-19,Mon,"27,872",,,,,,,,
1-Oct-19,Tue,"29,116",,,,,,,,
2-Oct-19,Wed,"27,787",,,,,,,,
3-Oct-19,Thu,"30,069",,,,,,,,
4-Oct-19,Fri,"30,838",,,,,,,,
5-Oct-19,Sat,"33,095",,,,,,,,
6-Oct-19,Sun,"30,420",,,,,,,,
7-Oct-19,Mon,"29,955",,,,,,,,
8-Oct-19,Tue,"29,232",,,,,,,,
9-Oct-19,Wed,"30,134",,,,,,,,
10-Oct-19,Thu,"31,051",,,,,,,,
11-Oct-19,Fri,"31,901",,,,,,,,
12-Oct-19,Sat,"30,123",,,,,,,,
13-Oct-19,Sun,"31,258",,,,,,,,
14-Oct-19,Mon,"32,813",,,,,,,,
15-Oct-19,Tue,"29,526",,,,,,,,
16-Oct-19,Wed,"29,639",,,,,,,,
17-Oct-19,Thu,"31,135",,,,,,,,
18-Oct-19,Fri,"30,648",,,,,,,,
19-Oct-19,Sat,"32,874",,,,,,,,
20-Oct-19,Sun,"29,562",,,,,,,,
21-Oct-19,Mon,"29,360",,,,,,,,
22-Oct-19,Tue,"26,990",,,,,,,,
23-Oct-19,Wed,"27,494",,,,,,,,
24-Oct-19,Thu,"29,664",,,,,,,,
25-Oct-19,Fri,"28,725",,,,,,,,
26-Oct-19,Sat,"29,423",,,,,,,,
27-Oct-19,Sun,"26,590",,,,,,,,
28-Oct-19,Mon,"26,188",,,,,,,,
29-Oct-19,Tue,"24,782",,,,,,,,
30-Oct-19,Wed,"26,647",,,,,,,,
31-Oct-19,Thu,"27,594",,,,,,,,
1-Nov-19,Fri,"31,052",,,,,,,,
2-Nov-19,Sat,"32,649",,,,,,,,
3-Nov-19,Sun,"27,894",,,,,,,,
4-Nov-19,Mon,"27,420",,,,,,,,
5-Nov-19,Tue,"28,098",,,,,,,,
6-Nov-19,Wed,"28,188",,,,,,,,
7-Nov-19,Thu,"29,906",,,,,,,,
8-Nov-19,Fri,"30,754",,,,,,,,
9-Nov-19,Sat,"33,204",,,,,,,,
10-Nov-19,Sun,"26,483",,,,,,,,
11-Nov-19,Mon,"27,439",,,,,,,,
12-Nov-19,Tue,"25,869",,,,,,,,
13-Nov-19,Wed,"25,141",,,,,,,,
14-Nov-19,Thu,"27,724",,,,,,,,
15-Nov-19,Fri,"27,351",,,,,,,,
16-Nov-19,Sat,"29,355",,,,,,,,
17-Nov-19,Sun,"26,527",,,,,,,,
18-Nov-19,Mon,"26,780",,,,,,,,
19-Nov-19,Tue,"25,698",,,,,,,,
20-Nov-19,Wed,"28,335",,,,,,,,
21-Nov-19,Thu,"30,222",,,,,,,,
22-Nov-19,Fri,"32,185",,,,,,,,
23-Nov-19,Sat,"35,840",,,,,,,,
24-Nov-19,Sun,"32,923",,,,,,,,
25-Nov-19,Mon,"30,858",,,,,,,,
26-Nov-19,Tue,"29,074",,,,,,,,
27-Nov-19,Wed,"29,614",,,,,,,,
28-Nov-19,Thu,"30,193",,,,,,,,
29-Nov-19,Fri,"27,922",,,,,,,,
30-Nov-19,Sat,"29,687",,,,,,,,
1-Dec-19,Sun,"32,384",,,,,,,,
2-Dec-19,Mon,"29,755",,,,,,,,
3-Dec-19,Tue,"27,903",,,,,,,,
4-Dec-19,Wed,"27,912",,,,,,,,
5-Dec-19,Thu,"29,480",,,,,,,,
6-Dec-19,Fri,"28,560",,,,,,,,
7-Dec-19,Sat,"29,514",,,,,,,,
8-Dec-19,Sun,"26,540",,,,,,,,
9-Dec-19,Mon,"27,030",,,,,,,,
10-Dec-19,Tue,"26,119",,,,,,,,
11-Dec-19,Wed,"27,295",,,,,,,,
12-Dec-19,Thu,"29,073",,,,,,,,
13-Dec-19,Fri,"31,311",,,,,,,,
14-Dec-19,Sat,"34,291",,,,,,,,
15-Dec-19,Sun,"31,368",,,,,,,,
16-Dec-19,Mon,"30,623",,,,,,,,
17-Dec-19,Tue,"29,632",,,,,,,,
18-Dec-19,Wed,"34,848",,,,,,,,
19-Dec-19,Thu,"38,174",,,,,,,,
20-Dec-19,Fri,"40,451",,,,,,,,
21-Dec-19,Sat,"41,436",,,,,,,,
22-Dec-19,Sun,"41,342",,,,,,,,
23-Dec-19,Mon,"41,487",,,,,,,,
24-Dec-19,Tue,"40,270",,,,,,,,
25-Dec-19,Wed,"39,095",,,,,,,,
26-Dec-19,Thu,"39,687",,,,,,,,
27-Dec-19,Fri,"41,409",,,,,,,,
28-Dec-19,Sat,"41,945",,,,,,,,
29-Dec-19,Sun,"40,025",,,,,,,,
30-Dec-19,Mon,"39,773",,,,,,,,
31-Dec-19,Tue,"35,040",,,,,,,,
1-Jan-20,Wed,"35,945",,,,,,,,
2-Jan-20,Thu,"38,885",,,,,,,,
3-Jan-20,Fri,"37,319",,,,,,,,
4-Jan-20,Sat,"37,804",,,,,,,,
5-Jan-20,Sun,"37,915",,,,,,,,
6-Jan-20,Mon,"33,636",,,,,,,,
7-Jan-20,Tue,"29,379",,,,,,,,
8-Jan-20,Wed,"29,898",,,,,,,,
9-Jan-20,Thu,"31,177",,,,,,,,
10-Jan-20,Fri,"30,567",,,,,,,,
11-Jan-20,Sat,"31,205",,,,,,,,
12-Jan-20,Sun,"28,731",,,,,,,,
13-Jan-20,Mon,"27,479",,,,,,,,
14-Jan-20,Tue,"25,885",,,,,,,,
15-Jan-20,Wed,"29,293",,,,,,,,
16-Jan-20,Thu,"31,542",,,,,,,,
17-Jan-20,Fri,"34,009",,,,,,,,
18-Jan-20,Sat,"33,636",,,,,,,,
19-Jan-20,Sun,"30,295",,,,,,,,
20-Jan-20,Mon,"28,220",,,,,,,,
21-Jan-20,Tue,"26,159",,,,,,,,
22-Jan-20,Wed,"27,153",,,,,,,,
23-Jan-20,Thu,"29,227",,,,,,,,
24-Jan-20,Fri,"27,742",,,,,,,,
25-Jan-20,Sat,"28,554",,,,,,,,
26-Jan-20,Sun,"26,593",,,,,,,,
27-Jan-20,Mon,"24,301",,,,,,,,
28-Jan-20,Tue,"23,375",,,,,,,,
29-Jan-20,Wed,"24,954",,,,,,,,
30-Jan-20,Thu,"27,909",,,,,,,,
31-Jan-20,Fri,"28,511",,,,,,,,
1-Feb-20,Sat,"32,919",,,,,,,,
2-Feb-20,Sun,"27,057",,,,,,,,
3-Feb-20,Mon,"26,642",,,,,,,,
4-Feb-20,Tue,"26,675",,,,,,,,
5-Feb-20,Wed,"27,905",,,,,,,,
6-Feb-20,Thu,"28,648",,,,,,,,
7-Feb-20,Fri,"29,852",,,,,,,,
8-Feb-20,Sat,"32,636",,,,,,,,
9-Feb-20,Sun,"27,784",,,,,,,,
10-Feb-20,Mon,"27,456",,,,,,,,
11-Feb-20,Tue,"28,136",,,,,,,,
12-Feb-20,Wed,"29,781",,,,,,,,
13-Feb-20,Thu,"32,533",,,,,,,,
14-Feb-20,Fri,"35,312",,,,,,,,
15-Feb-20,Sat,"36,887",,,,,,,,
16-Feb-20,Sun,"33,778",,,,,,,,
17-Feb-20,Mon,"31,266",,,,,,,,
18-Feb-20,Tue,"29,527",,,,,,,,
19-Feb-20,Wed,"29,388",,,,,,,,
20-Feb-20,Thu,"30,140",,,,,,,,
21-Feb-20,Fri,"29,246",,,,,,,,
22-Feb-20,Sat,"31,581",,,,,,,,
23-Feb-20,Sun,"27,903",,,,,,,,
24-Feb-20,Mon,"27,436",,,,,,,,
25-Feb-20,Tue,"25,230",,,,,,,,
26-Feb-20,Wed,"26,061",,,,,,,,
27-Feb-20,Thu,"28,586",,,,,,,,
28-Feb-20,Fri,"26,601",,,,,,,,
29-Feb-20,Sat,"30,737",,,,,,,,
1-Mar-20,Sun,"28,976",,,,,,,,
2-Mar-20,Mon,"24,512",,,,,,,,
3-Mar-20,Tue,"22,799",,,,,,,,
4-Mar-20,Wed,"24,425",,,,,,,,
5-Mar-20,Thu,"28,729",,,,,,,,
6-Mar-20,Fri,"28,980",,,,,,,,
7-Mar-20,Sat,"31,050",,,,,,,,
8-Mar-20,Sun,"26,388",,,,,,,,
9-Mar-20,Mon,"23,730",,,,,,,,
10-Mar-20,Tue,"22,270",,,,,,,,
11-Mar-20,Wed,"23,790",,,,,,,,
12-Mar-20,Thu,"28,674",,,,,,,,
13-Mar-20,Fri,"28,412",,,,,,,,
14-Mar-20,Sat,"28,288",,,,,,,,
15-Mar-20,Sun,"23,882",,,,,,,,
16-Mar-20,Mon,"20,410",,,,,,,,
17-Mar-20,Tue,"19,181",,,,,,,,
18-Mar-20,Wed,"14,042",,,,,,,,
19-Mar-20,Thu,"10,571",,,,,,,,
20-Mar-20,Fri,"8,293",,,,,,,,
21-Mar-20,Sat,"6,478",,,,,,,,
22-Mar-20,Sun,"5,514",,,,,,,,
23-Mar-20,Mon,"3,880",,,,,,,,
24-Mar-20,Tue,"3,691",,,,,,,,
25-Mar-20,Wed,"3,158",,,,,,,,
26-Mar-20,Thu,"1,033",,,,,,,,
27-Mar-20,Fri,985,,,,,,,,
28-Mar-20,Sat,808,,,,,,,,
29-Mar-20,Sun,547,,,,,,,,
30-Mar-20,Mon,593,,,,,,,,
31-Mar-20,Tue,301,,,,,,,,
1-Apr-20,Wed,453,,,,,,,,
2-Apr-20,Thu,249,,,,,,,,
3-Apr-20,Fri,404,,,,,,,,
4-Apr-20,Sat,395,,,,,,,,
5-Apr-20,Sun,359,,,,,,,,
6-Apr-20,Mon,333,,,,,,,,
7-Apr-20,Tue,424,,,,,,,,
8-Apr-20,Wed,417,,,,,,,,
9-Apr-20,Thu,543,,,,,,,,
10-Apr-20,Fri,330,,,,,,,,
11-Apr-20,Sat,271,,,,,,,,
12-Apr-20,Sun,319,,,,,,,,
13-Apr-20,Mon,609,,,,,,,,
14-Apr-20,Tue,438,,,,,,,,
15-Apr-20,Wed,604,,,,,,,,
16-Apr-20,Thu,330,,,,,,,,
17-Apr-20,Fri,342,,,,,,,,
18-Apr-20,Sat,373,,,,,,,,
19-Apr-20,Sun,336,,,,,,,,
20-Apr-20,Mon,313,,,,,,,,
21-Apr-20,Tue,360,,,,,,,,
22-Apr-20,Wed,318,,,,,,,,
23-Apr-20,Thu,368,,,,,,,,
24-Apr-20,Fri,330,,,,,,,,
25-Apr-20,Sat,386,,,,,,,,
26-Apr-20,Sun,401,,,,,,,,
27-Apr-20,Mon,363,,,,,,,,
28-Apr-20,Tue,357,,,,,,,,
29-Apr-20,Wed,460,,,,,,,,
30-Apr-20,Thu,451,,,,,,,,
1-May-20,Fri,511,,,,,,,,
2-May-20,Sat,637,,,,,,,,
3-May-20,Sun,557,,,,,,,,
4-May-20,Mon,644,,,,,,,,
5-May-20,Tue,581,,,,,,,,
6-May-20,Wed,478,,,,,,,,
7-May-20,Thu,579,,,,,,,,
8-May-20,Fri,615,,,,,,,,
9-May-20,Sat,669,,,,,,,,
10-May-20,Sun,658,,,,,,,,
11-May-20,Mon,698,,,,,,,,
12-May-20,Tue,746,,,,,,,,
13-May-20,Wed,651,,,,,,,,
14-May-20,Thu,769,,,,,,,,
15-May-20,Fri,844,,,,,,,,
16-May-20,Sat,833,,,,,,,,
17-May-20,Sun,899,,,,,,,,
18-May-20,Mon,"1,060",,,,,,,,
19-May-20,Tue,916,,,,,,,,
20-May-20,Wed,"1,042",,,,,,,,
21-May-20,Thu,965,,,,,,,,
22-May-20,Fri,753,,,,,,,,
23-May-20,Sat,912,,,,,,,,
24-May-20,Sun,838,,,,,,,,
25-May-20,Mon,870,,,,,,,,
26-May-20,Tue,763,,,,,,,,
27-May-20,Wed,873,,,,,,,,
28-May-20,Thu,899,,,,,,,,
29-May-20,Fri,928,,,,,,,,
30-May-20,Sat,"1,098",,,,,,,,
31-May-20,Sun,"1,228",,,,,,,,
1-Jun-20,Mon,"1,408",,,,,,,,
2-Jun-20,Tue,"1,377",,,,,,,,
3-Jun-20,Wed,"1,301",,,,,,,,
4-Jun-20,Thu,"1,444",,,,,,,,
5-Jun-20,Fri,"1,270",,,,,,,,
6-Jun-20,Sat,"1,479",,,,,,,,
7-Jun-20,Sun,"1,636",,,,,,,,
8-Jun-20,Mon,"1,580",,,,,,,,
9-Jun-20,Tue,"1,382",,,,,,,,
10-Jun-20,Wed,"1,284",,,,,,,,
11-Jun-20,Thu,"1,496",,,,,,,,
12-Jun-20,Fri,"1,126",,,,,,,,
13-Jun-20,Sat,"1,900",,,,,,,,
14-Jun-20,Sun,"1,648",,,,,,,,
15-Jun-20,Mon,"1,575",,,,,,,,
16-Jun-20,Tue,"1,474",,,,,,,,
17-Jun-20,Wed,"1,258",,,,,,,,
18-Jun-20,Thu,"1,575",,,,,,,,
19-Jun-20,Fri,"1,328",,,,,,,,
20-Jun-20,Sat,"1,475",,,,,,,,
21-Jun-20,Sun,"1,340",,,,,,,,
22-Jun-20,Mon,"1,534",,,,,,,,
23-Jun-20,Tue,"1,340",,,,,,,,
24-Jun-20,Wed,"1,365",,,,,,,,
25-Jun-20,Thu,"1,513",,,,,,,,
26-Jun-20,Fri,"1,159",,,,,,,,
27-Jun-20,Sat,"1,717",,,,,,,,
28-Jun-20,Sun,"1,432",,,,,,,,
29-Jun-20,Mon,"1,517",,,,,,,,
30-Jun-20,Tue,"1,654",,,,,,,,
1-Jul-20,Wed,"1,982",,,,,,,,
2-Jul-20,Thu,"2,347",,,,,,,,
3-Jul-20,Fri,"2,129",,,,,,,,
4-Jul-20,Sat,"1,801",,,,,,,,
5-Jul-20,Sun,"1,780",,,,,,,,
6-Jul-20,Mon,"2,402",,,,,,,,
7-Jul-20,Tue,"2,395",,,,,,,,
8-Jul-20,Wed,"2,182",,,,,,,,
9-Jul-20,Thu,"2,538",,,,,,,,
10-Jul-20,Fri,"2,098",,,,,,,,
11-Jul-20,Sat,"2,047",,,,,,,,
12-Jul-20,Sun,"1,943",,,,,,,,
13-Jul-20,Mon,"2,310",,,,,,,,
14-Jul-20,Tue,"2,050",,,,,,,,
15-Jul-20,Wed,"2,079",,,,,,,,
16-Jul-20,Thu,"2,318",,,,,,,,
17-Jul-20,Fri,"1,686",,,,,,,,
18-Jul-20,Sat,"1,838",,,,,,,,
19-Jul-20,Sun,"1,872",,,,,,,,
20-Jul-20,Mon,"2,325",,,,,,,,
21-Jul-20,Tue,"1,972",,,,,,,,
22-Jul-20,Wed,"2,071",,,,,,,,
23-Jul-20,Thu,"1,989",,,,,,,,
24-Jul-20,Fri,"1,702",,,,,,,,
25-Jul-20,Sat,"1,710",,,,,,,,
26-Jul-20,Sun,791,,,,,,,,
27-Jul-20,Mon,"2,315",,,,,,,,
28-Jul-20,Tue,"1,993",,,,,,,,
29-Jul-20,Wed,"2,086",,,,,,,,
30-Jul-20,Thu,"2,308",,,,,,,,
31-Jul-20,Fri,"2,384",,,,,,,,
1-Aug-20,Sat,"3,069",,,,,,,,
2-Aug-20,Sun,"2,696",,,,,,,,
3-Aug-20,Mon,"3,116",,,,,,,,
4-Aug-20,Tue,"2,628",,,,,,,,
5-Aug-20,Wed,"2,481",,,,,,,,
6-Aug-20,Thu,"2,814",,,,,,,,
7-Aug-20,Fri,"1,896",,,,,,,,
8-Aug-20,Sat,"2,020",,,,,,,,
9-Aug-20,Sun,"2,279",,,,,,,,
10-Aug-20,Mon,"2,701",,,,,,,,
11-Aug-20,Tue,"2,049",,,,,,,,
12-Aug-20,Wed,"1,771",,,,,,,,
13-Aug-20,Thu,"1,743",,,,,,,,
14-Aug-20,Fri,"1,800",,,,,,,,
15-Aug-20,Sat,"2,054",,,,,,,,
16-Aug-20,Sun,"1,924",,,,,,,,
17-Aug-20,Mon,"1,965",,,,,,,,
18-Aug-20,Tue,"1,810",,,,,,,,
19-Aug-20,Wed,"1,915",,,,,,,,
20-Aug-20,Thu,"2,447",,,,,,,,
21-Aug-20,Fri,"1,433",,,,,,,,
22-Aug-20,Sat,"1,779",,,,,,,,
23-Aug-20,Sun,"1,673",,,,,,,,
24-Aug-20,Mon,"1,790",,,,,,,,
25-Aug-20,Tue,"1,697",,,,,,,,
26-Aug-20,Wed,"1,540",,,,,,,,
27-Aug-20,Thu,"1,509",,,,,,,,
28-Aug-20,Fri,"1,267",,,,,,,,
29-Aug-20,Sat,"1,476",,,,,,,,
30-Aug-20,Sun,"1,711",,,,,,,,
31-Aug-20,Mon,"2,024",,,,,,,,
1-Sep-20,Tue,"2,517",,,,,,,,
2-Sep-20,Wed,"2,127",,,,,,,,
3-Sep-20,Thu,"2,152",,,,,,,,
4-Sep-20,Fri,"1,432",,,,,,,,
5-Sep-20,Sat,"1,680",,,,,,,,
6-Sep-20,Sun,"1,445",,,,,,,,
7-Sep-20,Mon,"1,878",,,,,,,,
8-Sep-20,Tue,"1,519",,,,,,,,
9-Sep-20,Wed,"1,626",,,,,,,,
10-Sep-20,Thu,"1,851",,,,,,,,
11-Sep-20,Fri,"1,348",,,,,,,,
12-Sep-20,Sat,"1,752",,,,,,,,
13-Sep-20,Sun,"1,688",,,,,,,,
14-Sep-20,Mon,"2,037",,,,,,,,
15-Sep-20,Tue,"1,813",,,,,,,,
16-Sep-20,Wed,"1,545",,,,,,,,
17-Sep-20,Thu,"1,613",,,,,,,,
18-Sep-20,Fri,"1,405",,,,,,,,
19-Sep-20,Sat,"1,620",,,,,,,,
20-Sep-20,Sun,"1,569",,,,,,,,
21-Sep-20,Mon,"1,872",,,,,,,,
22-Sep-20,Tue,"1,378",,,,,,,,
23-Sep-20,Wed,"1,526",,,,,,,,
24-Sep-20,Thu,"1,923",,,,,,,,
25-Sep-20,Fri,"1,464",,,,,,,,
26-Sep-20,Sat,"1,562",,,,,,,,
27-Sep-20,Sun,"1,568",,,,,,,,
28-Sep-20,Mon,"1,531",,,,,,,,
29-Sep-20,Tue,"1,732",,,,,,,,
30-Sep-20,Wed,"1,810",,,,,,,,
1-Oct-20,Thu,"2,527",,,,,,,,
2-Oct-20,Fri,"1,832",,,,,,,,
3-Oct-20,Sat,"2,015",,,,,,,,
4-Oct-20,Sun,"1,689",,,,,,,,
5-Oct-20,Mon,"1,750",,,,,,,,
6-Oct-20,Tue,"1,686",,,,,,,,
7-Oct-20,Wed,"1,483",,,,,,,,
8-Oct-20,Thu,"1,876",,,,,,,,
9-Oct-20,Fri,"1,619",,,,,,,,
10-Oct-20,Sat,"1,764",,,,,,,,
11-Oct-20,Sun,"1,753",,,,,,,,
12-Oct-20,Mon,"1,743",,,,,,,,
13-Oct-20,Tue,"1,635",,,,,,,,
14-Oct-20,Wed,"1,889",,,,,,,,
15-Oct-20,Thu,"7,598",,,,,,,,
16-Oct-20,Fri,"7,297",,,,,,,,
17-Oct-20,Sat,"7,719",,,,,,,,
18-Oct-20,Sun,"6,204",,,,,,,,
19-Oct-20,Mon,"5,084",,,,,,,,
20-Oct-20,Tue,"4,597",,,,,,,,
21-Oct-20,Wed,"4,535",,,,,,,,
22-Oct-20,Thu,"5,511",,,,,,,,
23-Oct-20,Fri,"5,302",,,,,,,,
24-Oct-20,Sat,"5,765",,,,,,,,
25-Oct-20,Sun,"4,503",,,,,,,,
26-Oct-20,Mon,"4,062",,,,,,,,
27-Oct-20,Tue,"3,572",,,,,,,,
28-Oct-20,Wed,"4,307",,,,,,,,
29-Oct-20,Thu,"5,103",,,,,,,,
30-Oct-20,Fri,"5,005",,,,,,,,
31-Oct-20,Sat,"5,808",,,,,,,,
1-Nov-20,Sun,"6,889",,,,,,,,
2-Nov-20,Mon,"6,611",,,,,,,,
3-Nov-20,Tue,"5,182",,,,,,,,
4-Nov-20,Wed,"6,884",,,,,,,,
5-Nov-20,Thu,"7,411",,,,,,,,
6-Nov-20,Fri,"7,679",,,,,,,,
7-Nov-20,Sat,"8,502",,,,,,,,
8-Nov-20,Sun,"5,750",,,,,,,,
9-Nov-20,Mon,"6,813",,,,,,,,
10-Nov-20,Tue,"6,176",,,,,,,,
11-Nov-20,Wed,"7,054",,,,,,,,
12-Nov-20,Thu,"6,361",,,,,,,,
13-Nov-20,Fri,"6,811",,,,,,,,
14-Nov-20,Sat,"8,736",,,,,,,,
15-Nov-20,Sun,"6,733",,,,,,,,
16-Nov-20,Mon,"7,266",,,,,,,,
17-Nov-20,Tue,"6,897",,,,,,,,
18-Nov-20,Wed,"8,391",,,,,,,,
19-Nov-20,Thu,"9,038",,,,,,,,
20-Nov-20,Fri,"10,834",,,,,,,,
21-Nov-20,Sat,"12,218",,,,,,,,
22-Nov-20,Sun,"10,208",,,,,,,,
23-Nov-20,Mon,"9,289",,,,,,,,
24-Nov-20,Tue,"6,595",,,,,,,,
25-Nov-20,Wed,"7,677",,,,,,,,
26-Nov-20,Thu,"7,507",,,,,,,,
27-Nov-20,Fri,"6,440",,,,,,,,
28-Nov-20,Sat,"6,641",,,,,,,,
29-Nov-20,Sun,"6,062",,,,,,,,
30-Nov-20,Mon,"7,762",,,,,,,,
1-Dec-20,Tue,"8,389",,,,,,,,
2-Dec-20,Wed,"7,676",,,,,,,,
3-Dec-20,Thu,"8,434",,,,,,,,
4-Dec-20,Fri,"7,223",,,,,,,,
5-Dec-20,Sat,"8,440",,,,,,,,
6-Dec-20,Sun,"6,302",,,,,,,,
7-Dec-20,Mon,"6,004",,,,,,,,
8-Dec-20,Tue,"5,022",,,,,,,,
9-Dec-20,Wed,"6,041",,,,,,,,
10-Dec-20,Thu,"7,614",,,,,,,,
11-Dec-20,Fri,"7,450",,,,,,,,
12-Dec-20,Sat,"8,921",,,,,,,,
13-Dec-20,Sun,"7,437",,,,,,,,
14-Dec-20,Mon,"6,691",,,,,,,,
15-Dec-20,Tue,"6,551",,,,,,,,
16-Dec-20,Wed,"9,008",,,,,,,,
17-Dec-20,Thu,"10,284",,,,,,,,
18-Dec-20,Fri,"12,036",,,,,,,,
19-Dec-20,Sat,"14,683",,,,,,,,
20-Dec-20,Sun,"11,783",,,,,,,,
21-Dec-20,Mon,"11,369",,,,,,,,
22-Dec-20,Tue,"8,998",,,,,,,,
23-Dec-20,Wed,"11,390",,,,,,,,
24-Dec-20,Thu,"11,766",,,,,,,,
25-Dec-20,Fri,"10,336",,,,,,,,
26-Dec-20,Sat,"14,440",,,,,,,,
27-Dec-20,Sun,"11,237",,,,,,,,
28-Dec-20,Mon,"11,238",,,,,,,,
29-Dec-20,Tue,"11,643",,,,,,,,
30-Dec-20,Wed,"11,717",,,,,,,,
31-Dec-20,Thu,"9,224",,,,,,,,
1-Jan-21,Fri,"8,588",,,,,,,,
2-Jan-21,Sat,"10,683",,,,,,,,
3-Jan-21,Sun,"10,514",,,,,,,,
4-Jan-21,Mon,"10,292",,,,,,,,
5-Jan-21,Tue,"8,066",,,,,,,,
6-Jan-21,Wed,"8,437",,,,,,,,
7-Jan-21,Thu,"10,060",,,,,,,,
8-Jan-21,Fri,"7,922",,,,,,,,
9-Jan-21,Sat,"8,679",,,,,,,,
10-Jan-21,Sun,"7,194",,,,,,,,
11-Jan-21,Mon,"6,798",,,,,,,,
12-Jan-21,Tue,"4,979",,,,,,,,
13-Jan-21,Wed,"7,143",,,,,,,,
14-Jan-21,Thu,"8,899",,,,,,,,
15-Jan-21,Fri,"7,520",,,,,,,,
16-Jan-21,Sat,"8,298",,,,,,,,
17-Jan-21,Sun,"6,022",,,,,,,,
18-Jan-21,Mon,"6,618",,,,,,,,
19-Jan-21,Tue,"4,853",,,,,,,,
20-Jan-21,Wed,"6,259",,,,,,,,
21-Jan-21,Thu,"6,665",,,,,,,,
22-Jan-21,Fri,"5,970",,,,,,,,
23-Jan-21,Sat,"7,310",,,,,,,,
24-Jan-21,Sun,"5,242",,,,,,,,
25-Jan-21,Mon,"5,261",,,,,,,,
26-Jan-21,Tue,"4,369",,,,,,,,
27-Jan-21,Wed,"5,910",,,,,,,,
28-Jan-21,Thu,"7,914",,,,,,,,
29-Jan-21,Fri,"6,630",,,,,,,,
30-Jan-21,Sat,"7,996",,,,,,,,
31-Jan-21,Sun,"6,246",,,,,,,,
1-Feb-21,Mon,"7,972",,,,,,,,
2-Feb-21,Tue,"5,495",,,,,,,,
3-Feb-21,Wed,"7,096",,,,,,,,
4-Feb-21,Thu,"8,202",,,,,,,,
5-Feb-21,Fri,"8,064",,,,,,,,
6-Feb-21,Sat,"9,472",,,,,,,,
7-Feb-21,Sun,"6,503",,,,,,,,
8-Feb-21,Mon,"8,041",,,,,,,,
9-Feb-21,Tue,"7,957",,,,,,,,
10-Feb-21,Wed,"11,100",,,,,,,,
11-Feb-21,Thu,"13,079",,,,,,,,
12-Feb-21,Fri,"14,223",,,,,,,,
13-Feb-21,Sat,"14,614",,,,,,,,
14-Feb-21,Sun,"10,430",,,,,,,,
15-Feb-21,Mon,"10,804",,,,,,,,
16-Feb-21,Tue,"8,373",,,,,,,,
17-Feb-21,Wed,"9,485",,,,,,,,
18-Feb-21,Thu,"11,091",,,,,,,,
19-Feb-21,Fri,"10,694",,,,,,,,
20-Feb-21,Sat,"11,209",,,,,,,,
21-Feb-21,Sun,"9,170",,,,,,,,
22-Feb-21,Mon,"9,220",,,,,,,,
23-Feb-21,Tue,"7,355",,,,,,,,
24-Feb-21,Wed,"9,808",,,,,,,,
25-Feb-21,Thu,"11,523",,,,,,,,
26-Feb-21,Fri,"10,073",,,,,,,,
27-Feb-21,Sat,"11,175",,,,,,,,
28-Feb-21,Sun,"9,507",,,,,,,,
1-Mar-21,Mon,"10,795",,,,,,,,
2-Mar-21,Tue,"8,440",,,,,,,,
3-Mar-21,Wed,"11,136",,,,,,,,
4-Mar-21,Thu,"14,567",,,,,,,,
5-Mar-21,Fri,"13,127",,,,,,,,
6-Mar-21,Sat,"15,103",,,,,,,,
7-Mar-21,Sun,"12,104",,,,,,,,
8-Mar-21,Mon,"11,330",,,,,,,,
9-Mar-21,Tue,"9,296",,,,,,,,
10-Mar-21,Wed,"13,250",,,,,,,,
11-Mar-21,Thu,"16,287",,,,,,,,
12-Mar-21,Fri,"17,518",,,,,,,,
13-Mar-21,Sat,"19,158",,,,,,,,
14-Mar-21,Sun,"14,906",,,,,,,,
15-Mar-21,Mon,"14,246",,,,,,,,
16-Mar-21,Tue,"12,777",,,,,,,,
17-Mar-21,Wed,"15,344",,,,,,,,
18-Mar-21,Thu,"18,400",,,,,,,,
19-Mar-21,Fri,"19,249",,,,,,,,
20-Mar-21,Sat,"22,210",,,,,,,,
21-Mar-21,Sun,"18,894",,,,,,,,
22-Mar-21,Mon,"16,959",,,,,,,,
23-Mar-21,Tue,"15,165",,,,,,,,
24-Mar-21,Wed,"17,454",,,,,,,,
25-Mar-21,Thu,"19,288",,,,,,,,
26-Mar-21,Fri,"19,892",,,,,,,,
27-Mar-21,Sat,"22,357",,,,,,,,
28-Mar-21,Sun,"19,879",,,,,,,,
29-Mar-21,Mon,"18,024",,,,,,,,
30-Mar-21,Tue,"16,760",,,,,,,,
31-Mar-21,Wed,"17,886",,,,,,,,
1-Apr-21,Thu,"20,810",,,,,,,,
2-Apr-21,Fri,"21,615",,,,,,,,
3-Apr-21,Sat,"22,913",,,,,,,,
4-Apr-21,Sun,"20,536",,,,,,,,
5-Apr-21,Mon,"20,906",,,,,,,,
6-Apr-21,Tue,"17,810",,,,,,,,
7-Apr-21,Wed,"17,307",,,,,,,,
8-Apr-21,Thu,"19,523",,,,,,,,
9-Apr-21,Fri,"19,476",,,,,,,,
10-Apr-21,Sat,"20,883",,,,,,,,
11-Apr-21,Sun,"17,016",,,,,,,,
12-Apr-21,Mon,"17,428",,,,,,,,
13-Apr-21,Tue,"13,045",,,,,,,,
14-Apr-21,Wed,"15,783",,,,,,,,
15-Apr-21,Thu,"19,890",,,,,,,,
16-Apr-21,Fri,"18,418",,,,,,,,
17-Apr-21,Sat,"20,608",,,,,,,,
18-Apr-21,Sun,"15,548",,,,,,,,
19-Apr-21,Mon,"15,496",,,,,,,,
20-Apr-21,Tue,"13,717",,,,,,,,
21-Apr-21,Wed,"16,928",,,,,,,,
22-Apr-21,Thu,"19,363",,,,,,,,
23-Apr-21,Fri,"17,521",,,,,,,,
24-Apr-21,Sat,"19,535",,,,,,,,
25-Apr-21,Sun,"14,169",,,,,,,,
26-Apr-21,Mon,"14,619",,,,,,,,
27-Apr-21,Tue,"13,153",,,,,,,,
28-Apr-21,Wed,"17,248",,,,,,,,
29-Apr-21,Thu,"18,599",,,,,,,,
30-Apr-21,Fri,"17,908",,,,,,,,
1-May-21,Sat,"22,925",,,,,,,,
2-May-21,Sun,"18,199",,,,,,,,
3-May-21,Mon,"17,844",,,,,,,,
4-May-21,Tue,"16,572",,,,,,,,
5-May-21,Wed,"19,318",,,,,,,,
6-May-21,Thu,"22,733",,,,,,,,
7-May-21,Fri,"20,371",,,,,,,,
8-May-21,Sat,"22,921",,,,,,,,
9-May-21,Sun,"18,004",,,,,,,,
10-May-21,Mon,"21,707",,,,,,,,
11-May-21,Tue,"19,265",,,,,,,,
12-May-21,Wed,"22,369",,,,,,,,
13-May-21,Thu,"24,350",,,,,,,,
14-May-21,Fri,"23,732",,,,,,,,
15-May-21,Sat,"25,617",,,,,,,,
16-May-21,Sun,"20,697",,,,,,,,
17-May-21,Mon,"22,078",,,,,,,,
18-May-21,Tue,"21,310",,,,,,,,
19-May-21,Wed,"23,454",,,,,,,,
20-May-21,Thu,"25,831",,,,,,,,
21-May-21,Fri,"25,315",,,,,,,,
22-May-21,Sat,"26,642",,,,,,,,
23-May-21,Sun,"23,990",,,,,,,,
24-May-21,Mon,"22,141",,,,,,,,
25-May-21,Tue,"21,507",,,,,,,,
26-May-21,Wed,"24,343",,,,,,,,
27-May-21,Thu,"27,343",,,,,,,,
28-May-21,Fri,"25,920",,,,,,,,
29-May-21,Sat,"28,037",,,,,,,,
30-May-21,Sun,"25,902",,,,,,,,
31-May-21,Mon,"24,599",,,,,,,,
1-Jun-21,Tue,"24,760",,,,,,,,
2-Jun-21,Wed,"25,348",,,,,,,,
3-Jun-21,Thu,"28,273",,,,,,,,
4-Jun-21,Fri,"28,778",,,,,,,,
5-Jun-21,Sat,"29,683",,,,,,,,
6-Jun-21,Sun,"27,888",,,,,,,,
7-Jun-21,Mon,"27,346",,,,,,,,
8-Jun-21,Tue,"28,020",,,,,,,,
9-Jun-21,Wed,"28,482",,,,,,,,
10-Jun-21,Thu,"30,055",,,,,,,,
11-Jun-21,Fri,"30,922",,,,,,,,
12-Jun-21,Sat,"31,943",,,,,,,,
13-Jun-21,Sun,"31,158",,,,,,,,
14-Jun-21,Mon,"27,063",,,,,,,,
15-Jun-21,Tue,"27,515",,,,,,,,
16-Jun-21,Wed,"29,990",,,,,,,,
17-Jun-21,Thu,"30,729",,,,,,,,
18-Jun-21,Fri,"31,269",,,,,,,,
19-Jun-21,Sat,"32,472",,,,,,,,
20-Jun-21,Sun,"30,980",,,,,,,,
21-Jun-21,Mon,"30,232",,,,,,,,
22-Jun-21,Tue,"29,091",,,,,,,,
23-Jun-21,Wed,"29,675",,,,,,,,
24-Jun-21,Thu,"30,893",,,,,,,,
25-Jun-21,Fri,"29,701",,,,,,,,
26-Jun-21,Sat,"32,129",,,,,,,,
27-Jun-21,Sun,"30,189",,,,,,,,
28-Jun-21,Mon,"28,191",,,,,,,,
29-Jun-21,Tue,"29,785",,,,,,,,
30-Jun-21,Wed,"30,503",,,,,,,,
1-Jul-21,Thu,"32,959",,,,,,,,
2-Jul-21,Fri,"34,326",,,,,,,,
3-Jul-21,Sat,"33,580",,,,,,,,
4-Jul-21,Sun,"30,051",,,,,,,,
5-Jul-21,Mon,"30,703",,,,,,,,
6-Jul-21,Tue,"30,437",,,,,,,,
7-Jul-21,Wed,"29,686",,,,,,,,
8-Jul-21,Thu,"34,159",,,,,,,,
9-Jul-21,Fri,"33,090",,,,,,,,
10-Jul-21,Sat,"34,099",,,,,,,,
11-Jul-21,Sun,"33,094",,,,,,,,
12-Jul-21,Mon,"31,570",,,,,,,,
13-Jul-21,Tue,"31,194",,,,,,,,
14-Jul-21,Wed,"31,382",,,,,,,,
15-Jul-21,Thu,"32,712",,,,,,,,
16-Jul-21,Fri,"32,611",,,,,,,,
17-Jul-21,Sat,"34,625",,,,,,,,
18-Jul-21,Sun,"32,534",,,,,,,,
19-Jul-21,Mon,"32,403",,,,,,,,
20-Jul-21,Tue,"31,615",,,,,,,,
21-Jul-21,Wed,"32,544",,,,,,,,
22-Jul-21,Thu,"32,583",,,,,,,,
23-Jul-21,Fri,"32,735",,,,,,,,
24-Jul-21,Sat,"35,400",,,,,,,,
25-Jul-21,Sun,"32,457",,,,,,,,
26-Jul-21,Mon,"31,008",,,,,,,,
27-Jul-21,Tue,"30,827",,,,,,,,
28-Jul-21,Wed,"31,117",,,,,,,,
29-Jul-21,Thu,"32,384",,,,,,,,
30-Jul-21,Fri,"33,360",,,,,,,,
31-Jul-21,Sat,"34,608",,,,,,,,
1-Aug-21,Sun,"35,555",,,,,,,,
2-Aug-21,Mon,"32,469",,,,,,,,
3-Aug-21,Tue,"30,078",,,,,,,,
4-Aug-21,Wed,"31,258",,,,,,,,
5-Aug-21,Thu,"31,306",,,,,,,,
6-Aug-21,Fri,"30,053",,,,,,,,
7-Aug-21,Sat,"31,820",,,,,,,,
8-Aug-21,Sun,"30,569",,,,,,,,
9-Aug-21,Mon,"31,244",,,,,,,,
10-Aug-21,Tue,"28,328",,,,,,,,
11-Aug-21,Wed,"28,430",,,,,,,,
12-Aug-21,Thu,"29,508",,,,,,,,
13-Aug-21,Fri,"27,497",,,,,,,,
14-Aug-21,Sat,"31,571",,,,,,,,
15-Aug-21,Sun,"29,446",,,,,,,,
16-Aug-21,Mon,"28,991",,,,,,,,
17-Aug-21,Tue,"25,080",,,,,,,,
18-Aug-21,Wed,"26,081",,,,,,,,
19-Aug-21,Thu,"26,934",,,,,,,,
20-Aug-21,Fri,"26,186",,,,,,,,
21-Aug-21,Sat,"28,618",,,,,,,,
22-Aug-21,Sun,"24,142",,,,,,,,
23-Aug-21,Mon,"22,485",,,,,,,,
24-Aug-21,Tue,"20,846",,,,,,,,
25-Aug-21,Wed,"21,360",,,,,,,,
26-Aug-21,Thu,"22,617",,,,,,,,
27-Aug-21,Fri,"19,959",,,,,,,,
28-Aug-21,Sat,"22,503",,,,,,,,
29-Aug-21,Sun,"18,226",,,,,,,,
30-Aug-21,Mon,"17,768",,,,,,,,
31-Aug-21,Tue,"16,908",,,,,,,,
1-Sep-21,Wed,"23,292",,,,,,,,
2-Sep-21,Thu,"25,024",,,,,,,,
3-Sep-21,Fri,"25,246",,,,,,,,
4-Sep-21,Sat,"24,224",,,,,,,,
5-Sep-21,Sun,"19,080",,,,,,,,
6-Sep-21,Mon,"18,970",,,,,,,,
7-Sep-21,Tue,"18,935",,,,,,,,
8-Sep-21,Wed,"18,144",,,,,,,,
9-Sep-21,Thu,"19,977",,,,,,,,
10-Sep-21,Fri,"20,239",,,,,,,,
11-Sep-21,Sat,"19,164",,,,,,,,
12-Sep-21,Sun,"17,746",,,,,,,,
13-Sep-21,Mon,"18,368",,,,,,,,
14-Sep-21,Tue,"16,979",,,,,,,,
15-Sep-21,Wed,"18,856",,,,,,,,
16-Sep-21,Thu,"20,398",,,,,,,,
17-Sep-21,Fri,"20,907",,,,,,,,
18-Sep-21,Sat,"21,862",,,,,,,,
19-Sep-21,Sun,"20,664",,,,,,,,
20-Sep-21,Mon,"20,041",,,,,,,,
21-Sep-21,Tue,"17,751",,,,,,,,
22-Sep-21,Wed,"18,727",,,,,,,,
23-Sep-21,Thu,"19,800",,,,,,,,
24-Sep-21,Fri,"19,204",,,,,,,,
25-Sep-21,Sat,"21,117",,,,,,,,
26-Sep-21,Sun,"18,543",,,,,,,,
27-Sep-21,Mon,"18,415",,,,,,,,
28-Sep-21,Tue,"17,199",,,,,,,,
29-Sep-21,Wed,"17,743",,,,,,,,
30-Sep-21,Thu,"20,304",,,,,,,,
1-Oct-21,Fri,"21,791",,,,,,,,
2-Oct-21,Sat,"23,370",,,,,,,,
3-Oct-21,Sun,"20,663",,,,,,,,
4-Oct-21,Mon,"19,605",,,,,,,,
5-Oct-21,Tue,"18,816",,,,,,,,
6-Oct-21,Wed,"18,371",,,,,,,,
7-Oct-21,Thu,"20,514",,,,,,,,
8-Oct-21,Fri,"21,797",,,,,,,,
9-Oct-21,Sat,"23,772",,,,,,,,
10-Oct-21,Sun,"21,320",,,,,,,,
11-Oct-21,Mon,"20,492",,,,,,,,
12-Oct-21,Tue,"20,603",,,,,,,,
13-Oct-21,Wed,"21,930",,,,,,,,
14-Oct-21,Thu,"23,343",,,,,,,,
15-Oct-21,Fri,"25,013",,,,,,,,
16-Oct-21,Sat,"28,131",,,,,,,,
17-Oct-21,Sun,"26,207",,,,,,,,
18-Oct-21,Mon,"21,663",,,,,,,,
19-Oct-21,Tue,"19,847",,,,,,,,
20-Oct-21,Wed,"20,845",,,,,,,,
21-Oct-21,Thu,"22,282",,,,,,,,
22-Oct-21,Fri,"20,978",,,,,,,,
23-Oct-21,Sat,"23,952",,,,,,,,
24-Oct-21,Sun,"20,476",,,,,,,,
25-Oct-21,Mon,"20,895",,,,,,,,
26-Oct-21,Tue,"18,525",,,,,,,,
27-Oct-21,Wed,"18,753",,,,,,,,
28-Oct-21,Thu,"19,632",,,,,,,,
,,,,,,,,,,
,,,,,,,,,,
,,,,,,,,,,
,,,,,,,,,,
,,,,,,,,,,
,,,,,,,,,,
,,,,,,,,,,
,,,,,,,,,,
,,,,,,,,,,
,,,,,,,,,,
,,,,,,,,,,
,,,,,,,,,,
,,,,,,,,,,
,,,,,,,,,,
,,,,,,,,,,
,,,,,,,,,,
,,,,,,,,,,
,,,,,,,,,,
,,,,,,,,,,
,,,,,,,,,,
,,,,,,,,,,
,,,,,,,,,,
,,,,,,,,,,
,,,,,,,,,,
,,,,,,,,,,
,,,,,,,,,,
,,,,,,,,,,
,,,,,,,,,,
,,,,,,,,,,
,,,,,,,,,,
,,,,,,,,,,
,,,,,,,,,,
,,,,,,,,,,
,,,,,,,,,,
,,,,,,,,,,
,,,,,,,,,,
,,,,,,,,,,
,,,,,,,,,,
,,,,,,,,,,
,,,,,,,,,,
,,,,,,,,,,
,,,,,,,,,,
,,,,,,,,,,
,,,,,,,,,,
,,,,,,,,,,
,,,,,,,,,,
,,,,,,,,,,
,,,,,,,,,,
,,,,,,,,,,
,,,,,,,,,,
,,,,,,,,,,
,,,,,,,,,,
,,,,,,,,,,
,,,,,,,,,,
,,,,,,,,,,
,,,,,,,,,,
,,,,,,,,,,
,,,,,,,,,,
,,,,,,,,,,
,,,,,,,,,,
,,,,,,,,,,
,,,,,,,,,,
,,,,,,,,,,
,,,,,,,,,,
,,,,,,,,,,
,,,,,,,,,,
,,,,,,,,,,
,,,,,,,,,,
,,,,,,,,,,
,,,,,,,,,,
,,,,,,,,,,
,,,,,,,,,,
,,,,,,,,,,
,,,,,,,,,,
,,,,,,,,,,
,,,,,,,,,,
,,,,,,,,,,
,,,,,,,,,,
,,,,,,,,,,
,,,,,,,,,,
,,,,,,,,,,
,,,,,,,,,,
,,,,,,,,,,
,,,,,,,,,,
,,,,,,,,,,
,,,,,,,,,,
,,,,,,,,,,
,,,,,,,,,,
,,,,,,,,,,
,,,,,,,,,,
,,,,,,,,,,
,,,,,,,,,,
,,,,,,,,,,
,,,,,,,,,,
,,,,,,,,,,
,,,,,,,,,,
,,,,,,,,,,
,,,,,,,,,,
,,,,,,,,,,
,,,,,,,,,,
,,,,,,,,,,
,,,,,,,,,,
,,,,,,,,,,
,,,,,,,,,,
,,,,,,,,,,
,,,,,,,,,,
,,,,,,,,,,
,,,,,,,,,,
,,,,,,,,,,
,,,,,,,,,,
,,,,,,,,,,
,,,,,,,,,,
,,,,,,,,,,
,,,,,,,,,,
,,,,,,,,,,
,,,,,,,,,,
,,,,,,,,,,
,,,,,,,,,,
,,,,,,,,,,
,,,,,,,,,,
,,,,,,,,,,
,,,,,,,,,,
,,,,,,,,,,
,,,,,,,,,,
,,,,,,,,,,
,,,,,,,,,,
,,,,,,,,,,
,,,,,,,,,,
,,,,,,,,,,
,,,,,,,,,,
,,,,,,,,,,
,,,,,,,,,,
,,,,,,,,,,
,,,,,,,,,,
,,,,,,,,,,
,,,,,,,,,,
,,,,,,,,,,
,,,,,,,,,,
,,,,,,,,,,
,,,,,,,,,,
,,,,,,,,,,
,,,,,,,,,,
,,,,,,,,,,
,,,,,,,,,,
,,,,,,,,,,
,,,,,,,,,,
,,,,,,,,,,
,,,,,,,,,,
,,,,,,,,,,
,,,,,,,,,,
,,,,,,,,,,
,,,,,,,,,,
,,,,,,,,,,
,,,,,,,,,,
,,,,,,,,,,
,,,,,,,,,,
,,,,,,,,,,
,,,,,,,,,,
,,,,,,,,,,
,,,,,,,,,,
,,,,,,,,,,
,,,,,,,,,,
,,,,,,,,,,
,,,,,,,,,,
,,,,,,,,,,
,,,,,,,,,,
,,,,,,,,,,
,,,,,,,,,,
,,,,,,,,,,
,,,,,,,,,,
,,,,,,,,,,
,,,,,,,,,,
,,,,,,,,,,
,,,,,,,,,,
,,,,,,,,,,
,,,,,,,,,,
,,,,,,,,,,
,,,,,,,,,,
,,,,,,,,,,
,,,,,,,,,,
,,,,,,,,,,
,,,,,,,,,,
,,,,,,,,,,
,,,,,,,,,,
,,,,,,,,,,
,,,,,,,,,,
,,,,,,,,,,
,,,,,,,,,,
,,,,,,,,,,
,,,,,,,,,,
,,,,,,,,,,
,,,,,,,,,,
,,,,,,,,,,
,,,,,,,,,,
,,,,,,,,,,
,,,,,,,,,,
,,,,,,,,,,
,,,,,,,,,,
,,,,,,,,,,
,,,,,,,,,,
,,,,,,,,,,
,,,,,,,,,,
,,,,,,,,,,
,,,,,,,,,,
,,,,,,,,,,
,,,,,,,,,,
,,,,,,,,,,
,,,,,,,,,,
,,,,,,,,,,
,,,,,,,,,,
,,,,,,,,,,
,,,,,,,,,,
,,,,,,,,,,
,,,,,,,,,,
,,,,,,,,,,
,,,,,,,,,,
,,,,,,,,,,
,,,,,,,,,,
,,,,,,,,,,
,,,,,,,,,,
,,,,,,,,,,
,,,,,,,,,,
,,,,,,,,,,
,,,,,,,,,,
,,,,,,,,,,
,,,,,,,,,,
,,,,,,,,,,
,,,,,,,,,,
,,,,,,,,,,
,,,,,,,,,,
,,,,,,,,,,
,,,,,,,,,,
,,,,,,,,,,
,,,,,,,,,,
,,,,,,,,,,
,,,,,,,,,,
,,,,,,,,,,
,,,,,,,,,,
,,,,,,,,,,
,,,,,,,,,,
,,,,,,,,,,
,,,,,,,,,,
,,,,,,,,,,
,,,,,,,,,,
,,,,,,,,,,
,,,,,,,,,,
,,,,,,,,,,
,,,,,,,,,,
,,,,,,,,,,
,,,,,,,,,,
,,,,,,,,,,
,,,,,,,,,,
,,,,,,,,,,
,,,,,,,,,,
,,,,,,,,,,
,,,,,,,,,,
,,,,,,,,,,
,,,,,,,,,,
,,,,,,,,,,
,,,,,,,,,,
,,,,,,,,,,
,,,,,,,,,,
,,,,,,,,,,
,,,,,,,,,,
,,,,,,,,,,
,,,,,,,,,,
,,,,,,,,,,
,,,,,,,,,,
,,,,,,,,,,
,,,,,,,,,,
,,,,,,,,,,
,,,,,,,,,,
,,,,,,,,,,
,,,,,,,,,,
,,,,,,,,,,
,,,,,,,,,,
,,,,,,,,,,
,,,,,,,,,,
,,,,,,,,,,
,,,,,,,,,,
,,,,,,,,,,
,,,,,,,,,,
,,,,,,,,,,
,,,,,,,,,,
,,,,,,,,,,
,,,,,,,,,,
,,,,,,,,,,
,,,,,,,,,,
,,,,,,,,,,
,,,,,,,,,,
,,,,,,,,,,
,,,,,,,,,,
,,,,,,,,,,
,,,,,,,,,,
,,,,,,,,,,
,,,,,,,,,,
,,,,,,,,,,
,,,,,,,,,,
,,,,,,,,,,
,,,,,,,,,,
,,,,,,,,,,
,,,,,,,,,,
,,,,,,,,,,
,,,,,,,,,,
,,,,,,,,,,
,,,,,,,,,,
,,,,,,,,,,
,,,,,,,,,,
,,,,,,,,,,
,,,,,,,,,,
,,,,,,,,,,
,,,,,,,,,,
,,,,,,,,,,
,,,,,,,,,,
,,,,,,,,,,
,,,,,,,,,,
,,,,,,,,,,
,,,,,,,,,,
,,,,,,,,,,
,,,,,,,,,,
,,,,,,,,,,
,,,,,,,,,,
,,,,,,,,,,
,,,,,,,,,,
,,,,,,,,,,
,,,,,,,,,,
,,,,,,,,,,
,,,,,,,,,,
,,,,,,,,,,
,,,,,,,,,,
,,,,,,,,,,
,,,,,,,,,,
,,,,,,,,,,
,,,,,,,,,,
,,,,,,,,,,
,,,,,,,,,,
,,,,,,,,,,
,,,,,,,,,,
,,,,,,,,,,
,,,,,,,,,,
,,,,,,,,,,
,,,,,,,,,,
,,,,,,,,,,
,,,,,,,,,,
,,,,,,,,,,
,,,,,,,,,,
,,,,,,,,,,
,,,,,,,,,,
,,,,,,,,,,
,,,,,,,,,,
,,,,,,,,,,
,,,,,,,,,,
,,,,,,,,,,
,,,,,,,,,,
,,,,,,,,,,
,,,,,,,,,,
,,,,,,,,,,
,,,,,,,,,,
,,,,,,,,,,
,,,,,,,,,,
,,,,,,,,,,
,,,,,,,,,,
,,,,,,,,,,
,,,,,,,,,,
,,,,,,,,,,
,,,,,,,,,,
,,,,,,,,,,
,,,,,,,,,,
,,,,,,,,,,
,,,,,,,,,,
,,,,,,,,,,
,,,,,,,,,,
,,,,,,,,,,
,,,,,,,,,,
,,,,,,,,,,
,,,,,,,,,,
,,,,,,,,,,
,,,,,,,,,,
,,,,,,,,,,
,,,,,,,,,,
,,,,,,,,,,
,,,,,,,,,,
,,,,,,,,,,
,,,,,,,,,,
,,,,,,,,,,
,,,,,,,,,,
,,,,,,,,,,
,,,,,,,,,,
,,,,,,,,,,
,,,,,,,,,,
,,,,,,,,,,
,,,,,,,,,,
,,,,,,,,,,
,,,,,,,,,,
,,,,,,,,,,
,,,,,,,,,,
,,,,,,,,,,
,,,,,,,,,,
,,,,,,,,,,
,,,,,,,,,,
,,,,,,,,,,
,,,,,,,,,,
,,,,,,,,,,
,,,,,,,,,,
,,,,,,,,,,
,,,,,,,,,,
,,,,,,,,,,
,,,,,,,,,,
,,,,,,,,,,
,,,,,,,,,,
,,,,,,,,,,
,,,,,,,,,,
,,,,,,,,,,
,,,,,,,,,,
,,,,,,,,,,
,,,,,,,,,,
,,,,,,,,,,
,,,,,,,,,,
,,,,,,,,,,
,,,,,,,,,,
,,,,,,,,,,
,,,,,,,,,,
,,,,,,,,,,
,,,,,,,,,,
,,,,,,,,,,
,,,,,,,,,,
,,,,,,,,,,
,,,,,,,,,,
,,,,,,,,,,
,,,,,,,,,,
,,,,,,,,,,
,,,,,,,,,,
,,,,,,,,,,
,,,,,,,,,,
,,,,,,,,,,
,,,,,,,,,,
,,,,,,,,,,
,,,,,,,,,,
,,,,,,,,,,
,,,,,,,,,,
,,,,,,,,,,
,,,,,,,,,,
,,,,,,,,,,
,,,,,,,,,,
,,,,,,,,,,
,,,,,,,,,,
,,,,,,,,,,
,,,,,,,,,,
,,,,,,,,,,
,,,,,,,,,,
,,,,,,,,,,
,,,,,,,,,,
,,,,,,,,,,
,,,,,,,,,,
,,,,,,,,,,
,,,,,,,,,,
,,,,,,,,,,
,,,,,,,,,,
,,,,,,,,,,
,,,,,,,,,,
,,,,,,,,,,
,,,,,,,,,,
,,,,,,,,,,
,,,,,,,,,,
,,,,,,,,,,
,,,,,,,,,,
,,,,,,,,,,
,,,,,,,,,,
,,,,,,,,,,
,,,,,,,,,,
,,,,,,,,,,
,,,,,,,,,,
,,,,,,,,,,
,,,,,,,,,,
,,,,,,,,,,
,,,,,,,,,,
,,,,,,,,,,
,,,,,,,,,,
,,,,,,,,,,
,,,,,,,,,,
,,,,,,,,,,
,,,,,,,,,,
,,,,,,,,,,
,,,,,,,,,,
,,,,,,,,,,
,,,,,,,,,,
,,,,,,,,,,
,,,,,,,,,,
,,,,,,,,,,
,,,,,,,,,,
,,,,,,,,,,
,,,,,,,,,,
,,,,,,,,,,
,,,,,,,,,,
,,,,,,,,,,
,,,,,,,,,,
,,,,,,,,,,
,,,,,,,,,,
,,,,,,,,,,
,,,,,,,,,,
,,,,,,,,,,
,,,,,,,,,,
,,,,,,,,,,
,,,,,,,,,,
,,,,,,,,,,
,,,,,,,,,,
,,,,,,,,,,
,,,,,,,,,,
,,,,,,,,,,
,,,,,,,,,,
,,,,,,,,,,
,,,,,,,,,,
,,,,,,,,,,
,,,,,,,,,,
,,,,,,,,,,
,,,,,,,,,,
,,,,,,,,,,
,,,,,,,,,,
,,,,,,,,,,
,,,,,,,,,,
,,,,,,,,,,
,,,,,,,,,,
,,,,,,,,,,
,,,,,,,,,,
,,,,,,,,,,
,,,,,,,,,,
,,,,,,,,,,
,,,,,,,,,,
,,,,,,,,,,
,,,,,,,,,,
,,,,,,,,,,
,,,,,,,,,,
,,,,,,,,,,
,,,,,,,,,,
,,,,,,,,,,
,,,,,,,,,,
,,,,,,,,,,
,,,,,,,,,,
,,,,,,,,,,
,,,,,,,,,,
,,,,,,,,,,
,,,,,,,,,,
,,,,,,,,,,
,,,,,,,,,,
,,,,,,,,,,
,,,,,,,,,,
,,,,,,,,,,
,,,,,,,,,,
,,,,,,,,,,
,,,,,,,,,,
,,,,,,,,,,
,,,,,,,,,,
,,,,,,,,,,
,,,,,,,,,,
,,,,,,,,,,
,,,,,,,,,,
,,,,,,,,,,
,,,,,,,,,,
,,,,,,,,,,
,,,,,,,,,,
,,,,,,,,,,
,,,,,,,,,,
,,,,,,,,,,
,,,,,,,,,,
,,,,,,,,,,
,,,,,,,,,,
,,,,,,,,,,
,,,,,,,,,,
,,,,,,,,,,
,,,,,,,,,,
,,,,,,,,,,
,,,,,,,,,,
,,,,,,,,,,
,,,,,,,,,,
,,,,,,,,,,
,,,,,,,,,,
,,,,,,,,,,
,,,,,,,,,,
,,,,,,,,,,
,,,,,,,,,,
,,,,,,,,,,
,,,,,,,,,,
,,,,,,,,,,
,,,,,,,,,,
,,,,,,,,,,
,,,,,,,,,,
,,,,,,,,,,
,,,,,,,,,,
,,,,,,,,,,
,,,,,,,,,,
,,,,,,,,,,
,,,,,,,,,,
,,,,,,,,,,
,,,,,,,,,,
,,,,,,,,,,
,,,,,,,,,,
,,,,,,,,,,
,,,,,,,,,,
,,,,,,,,,,
,,,,,,,,,,
,,,,,,,,,,
,,,,,,,,,,
,,,,,,,,,,
,,,,,,,,,,
,,,,,,,,,,
,,,,,,,,,,
,,,,,,,,,,
,,,,,,,,,,
,,,,,,,,,,
,,,,,,,,,,
,,,,,,,,,,
,,,,,,,,,,
,,,,,,,,,,
,,,,,,,,,,
,,,,,,,,,,
,,,,,,,,,,
,,,,,,,,,,
,,,,,,,,,,
,,,,,,,,,,
,,,,,,,,,,
,,,,,,,,,,
,,,,,,,,,,
,,,,,,,,,,
,,,,,,,,,,
,,,,,,,,,,
,,,,,,,,,,
,,,,,,,,,,
,,,,,,,,,,
,,,,,,,,,,
,,,,,,,,,,
,,,,,,,,,,
,,,,,,,,,,
,,,,,,,,,,
,,,,,,,,,,
,,,,,,,,,,
,,,,,,,,,,
,,,,,,,,,,
,,,,,,,,,,
,,,,,,,,,,
,,,,,,,,,,
,,,,,,,,,,
,,,,,,,,,,
,,,,,,,,,,
,,,,,,,,,,
,,,,,,,,,,
,,,,,,,,,,
,,,,,,,,,,
,,,,,,,,,,
,,,,,,,,,,
,,,,,,,,,,
,,,,,,,,,,
,,,,,,,,,,
,,,,,,,,,,
,,,,,,,,,,
,,,,,,,,,,
,,,,,,,,,,
,,,,,,,,,,
,,,,,,,,,,
,,,,,,,,,,
,,,,,,,,,,
,,,,,,,,,,
,,,,,,,,,,
,,,,,,,,,,
,,,,,,,,,,
,,,,,,,,,,
,,,,,,,,,,
,,,,,,,,,,
,,,,,,,,,,
,,,,,,,,,,
,,,,,,,,,,
,,,,,,,,,,
,,,,,,,,,,
,,,,,,,,,,
,,,,,,,,,,
,,,,,,,,,,
,,,,,,,,,,
,,,,,,,,,,
,,,,,,,,,,
,,,,,,,,,,
,,,,,,,,,,
,,,,,,,,,,
,,,,,,,,,,
,,,,,,,,,,
,,,,,,,,,,
,,,,,,,,,,
,,,,,,,,,,
,,,,,,,,,,
,,,,,,,,,,
,,,,,,,,,,
,,,,,,,,,,
,,,,,,,,,,
,,,,,,,,,,
,,,,,,,,,,
,,,,,,,,,,
,,,,,,,,,,
,,,,,,,,,,
,,,,,,,,,,
,,,,,,,,,,
,,,,,,,,,,
,,,,,,,,,,
,,,,,,,,,,
,,,,,,,,,,
,,,,,,,,,,
,,,,,,,,,,
,,,,,,,,,,
,,,,,,,,,,
,,,,,,,,,,
,,,,,,,,,,
,,,,,,,,,,
,,,,,,,,,,
,,,,,,,,,,
,,,,,,,,,,
,,,,,,,,,,
,,,,,,,,,,
,,,,,,,,,,
,,,,,,,,,,
,,,,,,,,,,
,,,,,,,,,,
,,,,,,,,,,
,,,,,,,,,,
,,,,,,,,,,
,,,,,,,,,,
,,,,,,,,,,
,,,,,,,,,,
,,,,,,,,,,
,,,,,,,,,,
,,,,,,,,,,
,,,,,,,,,,
,,,,,,,,,,
,,,,,,,,,,
,,,,,,,,,,
,,,,,,,,,,
,,,,,,,,,,
,,,,,,,,,,
,,,,,,,,,,
,,,,,,,,,,
,,,,,,,,,,
,,,,,,,,,,
,,,,,,,,,,
,,,,,,,,,,
,,,,,,,,,,
,,,,,,,,,,
,,,,,,,,,,
,,,,,,,,,,
,,,,,,,,,,
,,,,,,,,,,
,,,,,,,,,,
,,,,,,,,,,
,,,,,,,,,,
,,,,,,,,,,
,,,,,,,,,,
,,,,,,,,,,
,,,,,,,,,,
,,,,,,,,,,
,,,,,,,,,,
,,,,,,,,,,
,,,,,,,,,,
,,,,,,,,,,
,,,,,,,,,,
,,,,,,,,,,
,,,,,,,,,,
,,,,,,,,,,
,,,,,,,,,,
,,,,,,,,,,
,,,,,,,,,,
,,,,,,,,,,
,,,,,,,,,,
,,,,,,,,,,
,,,,,,,,,,
,,,,,,,,,,
,,,,,,,,,,
,,,,,,,,,,
,,,,,,,,,,
,,,,,,,,,,
,,,,,,,,,,
,,,,,,,,,,
,,,,,,,,,,
,,,,,,,,,,
,,,,,,,,,,
,,,,,,,,,,
,,,,,,,,,,
,,,,,,,,,,
,,,,,,,,,,
,,,,,,,,,,
,,,,,,,,,,
,,,,,,,,,,
,,,,,,,,,,
,,,,,,,,,,
,,,,,,,,,,
,,,,,,,,,,
,,,,,,,,,,
,,,,,,,,,,
,,,,,,,,,,
,,,,,,,,,,
,,,,,,,,,,
,,,,,,,,,,
,,,,,,,,,,
,,,,,,,,,,
,,,,,,,,,,
,,,,,,,,,,
,,,,,,,,,,
,,,,,,,,,,
,,,,,,,,,,
,,,,,,,,,,
,,,,,,,,,,
,,,,,,,,,,
,,,,,,,,,,
,,,,,,,,,,
,,,,,,,,,,
,,,,,,,,,,
,,,,,,,,,,
,,,,,,,,,,
,,,,,,,,,,
,,,,,,,,,,
,,,,,,,,,,
,,,,,,,,,,
,,,,,,,,,,
,,,,,,,,,,
,,,,,,,,,,
,,,,,,,,,,
,,,,,,,,,,
,,,,,,,,,,
,,,,,,,,,,
,,,,,,,,,,
,,,,,,,,,,
,,,,,,,,,,
,,,,,,,,,,
,,,,,,,,,,
,,,,,,,,,,
,,,,,,,,,,
,,,,,,,,,,
,,,,,,,,,,
,,,,,,,,,,
,,,,,,,,,,
,,,,,,,,,,
,,,,,,,,,,
,,,,,,,,,,
,,,,,,,,,,
,,,,,,,,,,
,,,,,,,,,,
,,,,,,,,,,
,,,,,,,,,,
,,,,,,,,,,
,,,,,,,,,,
,,,,,,,,,,
,,,,,,,,,,
,,,,,,,,,,
,,,,,,,,,,
,,,,,,,,,,
,,,,,,,,,,
,,,,,,,,,,
,,,,,,,,,,
,,,,,,,,,,
,,,,,,,,,,
,,,,,,,,,,
,,,,,,,,,,
,,,,,,,,,,
,,,,,,,,,,
,,,,,,,,,,
,,,,,,,,,,
,,,,,,,,,,
,,,,,,,,,,
,,,,,,,,,,
,,,,,,,,,,
,,,,,,,,,,
,,,,,,,,,,
,,,,,,,,,,
,,,,,,,,,,
,,,,,,,,,,
,,,,,,,,,,
,,,,,,,,,,
,,,,,,,,,,
,,,,,,,,,,
,,,,,,,,,,
,,,,,,,,,,
,,,,,,,,,,
,,,,,,,,,,
,,,,,,,,,,
,,,,,,,,,,
,,,,,,,,,,
,,,,,,,,,,
,,,,,,,,,,
,,,,,,,,,,
,,,,,,,,,,
,,,,,,,,,,
,,,,,,,,,,
,,,,,,,,,,
,,,,,,,,,,
,,,,,,,,,,
,,,,,,,,,,
,,,,,,,,,,
,,,,,,,,,,
,,,,,,,,,,
,,,,,,,,,,
,,,,,,,,,,
,,,,,,,,,,
,,,,,,,,,,
,,,,,,,,,,
,,,,,,,,,,
,,,,,,,,,,
,,,,,,,,,,
,,,,,,,,,,
,,,,,,,,,,
,,,,,,,,,,
,,,,,,,,,,
,,,,,,,,,,
,,,,,,,,,,
,,,,,,,,,,
,,,,,,,,,,
,,,,,,,,,,
,,,,,,,,,,
,,,,,,,,,,
,,,,,,,,,,
,,,,,,,,,,
,,,,,,,,,,
,,,,,,,,,,
,,,,,,,,,,
,,,,,,,,,,
,,,,,,,,,,
,,,,,,,,,,
,,,,,,,,,,
,,,,,,,,,,
,,,,,,,,,,
,,,,,,,,,,
,,,,,,,,,,
,,,,,,,,,,
,,,,,,,,,,
,,,,,,,,,,
,,,,,,,,,,
,,,,,,,,,,
,,,,,,,,,,
,,,,,,,,,,
,,,,,,,,,,
,,,,,,,,,,
,,,,,,,,,,
,,,,,,,,,,
,,,,,,,,,,
,,,,,,,,,,
,,,,,,,,,,
,,,,,,,,,,
,,,,,,,,,,
,,,,,,,,,,
,,,,,,,,,,
,,,,,,,,,,
,,,,,,,,,,
,,,,,,,,,,
,,,,,,,,,,
,,,,,,,,,,
,,,,,,,,,,
,,,,,,,,,,
,,,,,,,,,,
,,,,,,,,,,
,,,,,,,,,,
,,,,,,,,,,
,,,,,,,,,,
,,,,,,,,,,
,,,,,,,,,,
,,,,,,,,,,
,,,,,,,,,,
,,,,,,,,,,
,,,,,,,,,,
,,,,,,,,,,
,,,,,,,,,,
,,,,,,,,,,
,,,,,,,,,,
,,,,,,,,,,
,,,,,,,,,,
,,,,,,,,,,
,,,,,,,,,,
,,,,,,,,,,
,,,,,,,,,,
,,,,,,,,,,
,,,,,,,,,,
,,,,,,,,,,
,,,,,,,,,,
,,,,,,,,,,
,,,,,,,,,,
,,,,,,,,,,
,,,,,,,,,,
,,,,,,,,,,
,,,,,,,,,,
,,,,,,,,,,
,,,,,,,,,,
,,,,,,,,,,
,,,,,,,,,,
,,,,,,,,,,
,,,,,,,,,,
,,,,,,,,,,
,,,,,,,,,,
,,,,,,,,,,
,,,,,,,,,,
,,,,,,,,,,
,,,,,,,,,,
,,,,,,,,,,
,,,,,,,,,,
,,,,,,,,,,
,,,,,,,,,,
,,,,,,,,,,
,,,,,,,,,,
,,,,,,,,,,
,,,,,,,,,,
,,,,,,,,,,
,,,,,,,,,,
,,,,,,,,,,
,,,,,,,,,,
,,,,,,,,,,
,,,,,,,,,,
,,,,,,,,,,
,,,,,,,,,,
,,,,,,,,,,
,,,,,,,,,,
,,,,,,,,,,
,,,,,,,,,,
,,,,,,,,,,
,,,,,,,,,,
,,,,,,,,,,
,,,,,,,,,,
,,,,,,,,,,
,,,,,,,,,,
,,,,,,,,,,
,,,,,,,,,,
,,,,,,,,,,
,,,,,,,,,,
,,,,,,,,,,
,,,,,,,,,,
,,,,,,,,,,
,,,,,,,,,,
,,,,,,,,,,
,,,,,,,,,,
,,,,,,,,,,
,,,,,,,,,,
,,,,,,,,,,
,,,,,,,,,,
,,,,,,,,,,
,,,,,,,,,,
,,,,,,,,,,
,,,,,,,,,,
,,,,,,,,,,
,,,,,,,,,,
,,,,,,,,,,
,,,,,,,,,,
,,,,,,,,,,
,,,,,,,,,,
,,,,,,,,,,
,,,,,,,,,,
,,,,,,,,,,
,,,,,,,,,,
,,,,,,,,,,
,,,,,,,,,,
,,,,,,,,,,
,,,,,,,,,,
,,,,,,,,,,
,,,,,,,,,,
,,,,,,,,,,
,,,,,,,,,,
,,,,,,,,,,
,,,,,,,,,,
,,,,,,,,,,
,,,,,,,,,,
,,,,,,,,,,
,,,,,,,,,,
,,,,,,,,,,
,,,,,,,,,,
,,,,,,,,,,
,,,,,,,,,,
,,,,,,,,,,
,,,,,,,,,,
,,,,,,,,,,
,,,,,,,,,,
,,,,,,,,,,
,,,,,,,,,,
,,,,,,,,,,
,,,,,,,,,,
,,,,,,,,,,
,,,,,,,,,,
,,,,,,,,,,
,,,,,,,,,,
,,,,,,,,,,
,,,,,,,,,,
,,,,,,,,,,
,,,,,,,,,,
,,,,,,,,,,
,,,,,,,,,,
,,,,,,,,,,
,,,,,,,,,,
,,,,,,,,,,
,,,,,,,,,,
,,,,,,,,,,
,,,,,,,,,,
,,,,,,,,,,
,,,,,,,,,,
,,,,,,,,,,
,,,,,,,,,,
,,,,,,,,,,
,,,,,,,,,,
,,,,,,,,,,
,,,,,,,,,,
,,,,,,,,,,
,,,,,,,,,,
,,,,,,,,,,
,,,,,,,,,,
,,,,,,,,,,
,,,,,,,,,,
,,,,,,,,,,
,,,,,,,,,,
,,,,,,,,,,
,,,,,,,,,,
,,,,,,,,,,
,,,,,,,,,,
,,,,,,,,,,
,,,,,,,,,,
,,,,,,,,,,
,,,,,,,,,,
,,,,,,,,,,
,,,,,,,,,,
,,,,,,,,,,
,,,,,,,,,,
,,,,,,,,,,
,,,,,,,,,,
,,,,,,,,,,
,,,,,,,,,,
,,,,,,,,,,
,,,,,,,,,,
,,,,,,,,,,
,,,,,,,,,,
,,,,,,,,,,
,,,,,,,,,,
,,,,,,,,,,
,,,,,,,,,,
,,,,,,,,,,
,,,,,,,,,,
,,,,,,,,,,
,,,,,,,,,,
,,,,,,,,,,
,,,,,,,,,,
,,,,,,,,,,
,,,,,,,,,,
,,,,,,,,,,
,,,,,,,,,,
,,,,,,,,,,
,,,,,,,,,,
,,,,,,,,,,
,,,,,,,,,,
,,,,,,,,,,
,,,,,,,,,,
,,,,,,,,,,
,,,,,,,,,,
,,,,,,,,,,
,,,,,,,,,,
,,,,,,,,,,
,,,,,,,,,,
,,,,,,,,,,
,,,,,,,,,,
,,,,,,,,,,
,,,,,,,,,,
,,,,,,,,,,
,,,,,,,,,,
,,,,,,,,,,
,,,,,,,,,,
,,,,,,,,,,
,,,,,,,,,,
,,,,,,,,,,
,,,,,,,,,,
,,,,,,,,,,
,,,,,,,,,,
,,,,,,,,,,
,,,,,,,,,,
,,,,,,,,,,
,,,,,,,,,,
,,,,,,,,,,
,,,,,,,,,,
,,,,,,,,,,
,,,,,,,,,,
,,,,,,,,,,
,,,,,,,,,,
,,,,,,,,,,
,,,,,,,,,,
,,,,,,,,,,
,,,,,,,,,,
,,,,,,,,,,
,,,,,,,,,,
,,,,,,,,,,
,,,,,,,,,,
,,,,,,,,,,
,,,,,,,,,,
,,,,,,,,,,
,,,,,,,,,,
,,,,,,,,,,
,,,,,,,,,,
,,,,,,,,,,
,,,,,,,,,,
,,,,,,,,,,
,,,,,,,,,,
,,,,,,,,,,
,,,,,,,,,,
,,,,,,,,,,
,,,,,,,,,,
,,,,,,,,,,
,,,,,,,,,,
,,,,,,,,,,
,,,,,,,,,,
,,,,,,,,,,
,,,,,,,,,,
,,,,,,,,,,
,,,,,,,,,,
,,,,,,,,,,
,,,,,,,,,,
,,,,,,,,,,
,,,,,,,,,,
,,,,,,,,,,
,,,,,,,,,,
,,,,,,,,,,
,,,,,,,,,,
,,,,,,,,,,
,,,,,,,,,,
,,,,,,,,,,
,,,,,,,,,,
,,,,,,,,,,
,,,,,,,,,,
,,,,,,,,,,
,,,,,,,,,,
,,,,,,,,,,
,,,,,,,,,,
,,,,,,,,,,
,,,,,,,,,,
,,,,,,,,,,
,,,,,,,,,,
,,,,,,,,,,
,,,,,,,,,,
,,,,,,,,,,
,,,,,,,,,,
,,,,,,,,,,
,,,,,,,,,,
,,,,,,,,,,
,,,,,,,,,,
,,,,,,,,,,
,,,,,,,,,,
,,,,,,,,,,
,,,,,,,,,,
,,,,,,,,,,
,,,,,,,,,,
,,,,,,,,,,
,,,,,,,,,,
,,,,,,,,,,
,,,,,,,,,,
,,,,,,,,,,
,,,,,,,,,,
,,,,,,,,,,
,,,,,,,,,,
,,,,,,,,,,
,,,,,,,,,,
,,,,,,,,,,
,,,,,,,,,,
,,,,,,,,,,
,,,,,,,,,,
,,,,,,,,,,
,,,,,,,,,,
,,,,,,,,,,
,,,,,,,,,,
,,,,,,,,,,
,,,,,,,,,,
,,,,,,,,,,
,,,,,,,,,,
,,,,,,,,,,
,,,,,,,,,,
,,,,,,,,,,
,,,,,,,,,,
,,,,,,,,,,
,,,,,,,,,,
,,,,,,,,,,
,,,,,,,,,,
,,,,,,,,,,
,,,,,,,,,,
,,,,,,,,,,
,,,,,,,,,,
,,,,,,,,,,
,,,,,,,,,,
,,,,,,,,,,
,,,,,,,,,,
,,,,,,,,,,
,,,,,,,,,,
,,,,,,,,,,
,,,,,,,,,,
,,,,,,,,,,
,,,,,,,,,,
,,,,,,,,,,
,,,,,,,,,,
,,,,,,,,,,
,,,,,,,,,,
,,,,,,,,,,
,,,,,,,,,,
,,,,,,,,,,
,,,,,,,,,,
,,,,,,,,,,
,,,,,,,,,,
,,,,,,,,,,
,,,,,,,,,,
,,,,,,,,,,
,,,,,,,,,,
,,,,,,,,,,
,,,,,,,,,,
,,,,,,,,,,
,,,,,,,,,,
,,,,,,,,,,
,,,,,,,,,,
,,,,,,,,,,
,,,,,,,,,,
,,,,,,,,,,
,,,,,,,,,,
,,,,,,,,,,
,,,,,,,,,,
,,,,,,,,,,
,,,,,,,,,,
,,,,,,,,,,
,,,,,,,,,,
,,,,,,,,,,
,,,,,,,,,,
,,,,,,,,,,
,,,,,,,,,,
,,,,,,,,,,
,,,,,,,,,,
,,,,,,,,,,
,,,,,,,,,,
,,,,,,,,,,
,,,,,,,,,,
,,,,,,,,,,
,,,,,,,,,,
,,,,,,,,,,
,,,,,,,,,,
,,,,,,,,,,
,,,,,,,,,,
,,,,,,,,,,
,,,,,,,,,,
,,,,,,,,,,
,,,,,,,,,,
,,,,,,,,,,
,,,,,,,,,,
,,,,,,,,,,
,,,,,,,,,,
,,,,,,,,,,
,,,,,,,,,,
,,,,,,,,,,
,,,,,,,,,,
,,,,,,,,,,
,,,,,,,,,,
,,,,,,,,,,
,,,,,,,,,,
,,,,,,,,,,
,,,,,,,,,,
,,,,,,,,,,
,,,,,,,,,,
,,,,,,,,,,
,,,,,,,,,,
,,,,,,,,,,
,,,,,,,,,,
,,,,,,,,,,
,,,,,,,,,,
,,,,,,,,,,
,,,,,,,,,,
,,,,,,,,,,
,,,,,,,,,,
,,,,,,,,,,
,,,,,,,,,,
,,,,,,,,,,
,,,,,,,,,,
,,,,,,,,,,
,,,,,,,,,,
,,,,,,,,,,
,,,,,,,,,,
,,,,,,,,,,
,,,,,,,,,,
,,,,,,,,,,
,,,,,,,,,,
,,,,,,,,,,
,,,,,,,,,,
,,,,,,,,,,
,,,,,,,,,,
,,,,,,,,,,
,,,,,,,,,,
,,,,,,,,,,
,,,,,,,,,,
,,,,,,,,,,
,,,,,,,,,,
,,,,,,,,,,
,,,,,,,,,,
,,,,,,,,,,
,,,,,,,,,,
,,,,,,,,,,
,,,,,,,,,,
,,,,,,,,,,
,,,,,,,,,,
,,,,,,,,,,
,,,,,,,,,,
,,,,,,,,,,
,,,,,,,,,,
,,,,,,,,,,
,,,,,,,,,,
,,,,,,,,,,
,,,,,,,,,,
,,,,,,,,,,
,,,,,,,,,,
,,,,,,,,,,
,,,,,,,,,,
,,,,,,,,,,
,,,,,,,,,,
,,,,,,,,,,
,,,,,,,,,,
,,,,,,,,,,
,,,,,,,,,,
,,,,,,,,,,
,,,,,,,,,,
,,,,,,,,,,
,,,,,,,,,,
,,,,,,,,,,
,,,,,,,,,,
,,,,,,,,,,
,,,,,,,,,,
,,,,,,,,,,
,,,,,,,,,,
,,,,,,,,,,
,,,,,,,,,,
,,,,,,,,,,
,,,,,,,,,,
,,,,,,,,,,
,,,,,,,,,,
,,,,,,,,,,
,,,,,,,,,,
,,,,,,,,,,
,,,,,,,,,,
,,,,,,,,,,
,,,,,,,,,,
,,,,,,,,,,
,,,,,,,,,,
,,,,,,,,,,
,,,,,,,,,,
,,,,,,,,,,
,,,,,,,,,,
,,,,,,,,,,
,,,,,,,,,,
,,,,,,,,,,
,,,,,,,,,,
,,,,,,,,,,
,,,,,,,,,,
,,,,,,,,,,
,,,,,,,,,,
,,,,,,,,,,
,,,,,,,,,,
,,,,,,,,,,
,,,,,,,,,,
,,,,,,,,,,
,,,,,,,,,,
,,,,,,,,,,
,,,,,,,,,,
,,,,,,,,,,
,,,,,,,,,,
,,,,,,,,,,
,,,,,,,,,,
,,,,,,,,,,
,,,,,,,,,,
,,,,,,,,,,
,,,,,,,,,,
,,,,,,,,,,
,,,,,,,,,,
,,,,,,,,,,
,,,,,,,,,,
,,,,,,,,,,
,,,,,,,,,,
,,,,,,,,,,
,,,,,,,,,,
,,,,,,,,,,
,,,,,,,,,,
,,,,,,,,,,
,,,,,,,,,,
,,,,,,,,,,
,,,,,,,,,,
,,,,,,,,,,
,,,,,,,,,,
,,,,,,,,,,
,,,,,,,,,,
,,,,,,,,,,
,,,,,,,,,,
,,,,,,,,,,
,,,,,,,,,,
,,,,,,,,,,
,,,,,,,,,,
,,,,,,,,,,
,,,,,,,,,,
,,,,,,,,,,
,,,,,,,,,,
,,,,,,,,,,
,,,,,,,,,,
,,,,,,,,,,
,,,,,,,,,,
,,,,,,,,,,
,,,,,,,,,,
,,,,,,,,,,
,,,,,,,,,,
,,,,,,,,,,
,,,,,,,,,,
,,,,,,,,,,
,,,,,,,,,,
,,,,,,,,,,
,,,,,,,,,,
,,,,,,,,,,
,,,,,,,,,,
,,,,,,,,,,
,,,,,,,,,,
,,,,,,,,,,
,,,,,,,,,,
,,,,,,,,,,
,,,,,,,,,,
,,,,,,,,,,
,,,,,,,,,,
,,,,,,,,,,
,,,,,,,,,,
,,,,,,,,,,
,,,,,,,,,,
,,,,,,,,,,
,,,,,,,,,,
,,,,,,,,,,
,,,,,,,,,,
,,,,,,,,,,
,,,,,,,,,,
,,,,,,,,,,
,,,,,,,,,,
,,,,,,,,,,
,,,,,,,,,,
,,,,,,,,,,
,,,,,,,,,,
,,,,,,,,,,
,,,,,,,,,,
,,,,,,,,,,
,,,,,,,,,,
,,,,,,,,,,
,,,,,,,,,,
,,,,,,,,,,
,,,,,,,,,,
,,,,,,,,,,
,,,,,,,,,,
,,,,,,,,,,
,,,,,,,,,,
,,,,,,,,,,
,,,,,,,,,,
,,,,,,,,,,
,,,,,,,,,,
,,,,,,,,,,
,,,,,,,,,,
,,,,,,,,,,
,,,,,,,,,,
,,,,,,,,,,
,,,,,,,,,,
,,,,,,,,,,
,,,,,,,,,,
,,,,,,,,,,
,,,,,,,,,,
,,,,,,,,,,
,,,,,,,,,,
,,,,,,,,,,
,,,,,,,,,,
,,,,,,,,,,
,,,,,,,,,,
,,,,,,,,,,
,,,,,,,,,,
,,,,,,,,,,
,,,,,,,,,,
,,,,,,,,,,
,,,,,,,,,,
,,,,,,,,,,
,,,,,,,,,,
,,,,,,,,,,
,,,,,,,,,,
,,,,,,,,,,
,,,,,,,,,,
,,,,,,,,,,
,,,,,,,,,,
,,,,,,,,,,
,,,,,,,,,,
,,,,,,,,,,
,,,,,,,,,,
,,,,,,,,,,
,,,,,,,,,,
,,,,,,,,,,
,,,,,,,,,,
,,,,,,,,,,
,,,,,,,,,,
,,,,,,,,,,
,,,,,,,,,,
,,,,,,,,,,
,,,,,,,,,,
,,,,,,,,,,
,,,,,,,,,,
,,,,,,,,,,
,,,,,,,,,,
,,,,,,,,,,
,,,,,,,,,,
,,,,,,,,,,
,,,,,,,,,,
,,,,,,,,,,
,,,,,,,,,,
,,,,,,,,,,
,,,,,,,,,,
,,,,,,,,,,
,,,,,,,,,,
,,,,,,,,,,
,,,,,,,,,,
,,,,,,,,,,
,,,,,,,,,,
,,,,,,,,,,
,,,,,,,,,,
,,,,,,,,,,
,,,,,,,,,,
,,,,,,,,,,
,,,,,,,,,,
,,,,,,,,,,
,,,,,,,,,,
,,,,,,,,,,
,,,,,,,,,,
,,,,,,,,,,
,,,,,,,,,,
,,,,,,,,,,
,,,,,,,,,,
,,,,,,,,,,
,,,,,,,,,,
,,,,,,,,,,
,,,,,,,,,,
,,,,,,,,,,
,,,,,,,,,,
,,,,,,,,,,
,,,,,,,,,,
,,,,,,,,,,
,,,,,,,,,,
,,,,,,,,,,
,,,,,,,,,,
,,,,,,,,,,
,,,,,,,,,,
,,,,,,,,,,
,,,,,,,,,,
,,,,,,,,,,
,,,,,,,,,,
,,,,,,,,,,
,,,,,,,,,,
,,,,,,,,,,
,,,,,,,,,,
,,,,,,,,,,
,,,,,,,,,,
,,,,,,,,,,
,,,,,,,,,,
,,,,,,,,,,
,,,,,,,,,,
,,,,,,,,,,
,,,,,,,,,,
,,,,,,,,,,
,,,,,,,,,,
,,,,,,,,,,
,,,,,,,,,,
,,,,,,,,,,
,,,,,,,,,,
,,,,,,,,,,
,,,,,,,,,,
,,,,,,,,,,
,,,,,,,,,,
,,,,,,,,,,
,,,,,,,,,,
,,,,,,,,,,
,,,,,,,,,,
,,,,,,,,,,
,,,,,,,,,,
,,,,,,,,,,
,,,,,,,,,,
,,,,,,,,,,
,,,,,,,,,,
,,,,,,,,,,
,,,,,,,,,,
,,,,,,,,,,
,,,,,,,,,,
,,,,,,,,,,
,,,,,,,,,,
,,,,,,,,,,
,,,,,,,,,,
,,,,,,,,,,
,,,,,,,,,,
,,,,,,,,,,
,,,,,,,,,,
,,,,,,,,,,
,,,,,,,,,,
,,,,,,,,,,
,,,,,,,,,,
,,,,,,,,,,
,,,,,,,,,,
,,,,,,,,,,
,,,,,,,,,,
,,,,,,,,,,
,,,,,,,,,,
,,,,,,,,,,
,,,,,,,,,,
,,,,,,,,,,
,,,,,,,,,,
,,,,,,,,,,
,,,,,,,,,,
,,,,,,,,,,
,,,,,,,,,,
,,,,,,,,,,
,,,,,,,,,,
,,,,,,,,,,
,,,,,,,,,,
,,,,,,,,,,
,,,,,,,,,,
,,,,,,,,,,
,,,,,,,,,,
,,,,,,,,,,
,,,,,,,,,,
,,,,,,,,,,
,,,,,,,,,,
,,,,,,,,,,
,,,,,,,,,,
,,,,,,,,,,
,,,,,,,,,,
,,,,,,,,,,
,,,,,,,,,,
,,,,,,,,,,
,,,,,,,,,,
,,,,,,,,,,
,,,,,,,,,,
,,,,,,,,,,
,,,,,,,,,,
,,,,,,,,,,
,,,,,,,,,,
,,,,,,,,,,
,,,,,,,,,,
,,,,,,,,,,
,,,,,,,,,,
,,,,,,,,,,
,,,,,,,,,,
,,,,,,,,,,
,,,,,,,,,,
,,,,,,,,,,
,,,,,,,,,,
,,,,,,,,,,
,,,,,,,,,,
,,,,,,,,,,
,,,,,,,,,,
,,,,,,,,,,
,,,,,,,,,,
,,,,,,,,,,
,,,,,,,,,,
,,,,,,,,,,
,,,,,,,,,,
,,,,,,,,,,
,,,,,,,,,,
,,,,,,,,,,
,,,,,,,,,,
,,,,,,,,,,
,,,,,,,,,,
,,,,,,,,,,
,,,,,,,,,,
,,,,,,,,,,
,,,,,,,,,,
,,,,,,,,,,
,,,,,,,,,,
,,,,,,,,,,
,,,,,,,,,,
,,,,,,,,,,
,,,,,,,,,,
,,,,,,,,,,
,,,,,,,,,,
,,,,,,,,,,
,,,,,,,,,,
,,,,,,,,,,
,,,,,,,,,,
,,,,,,,,,,
,,,,,,,,,,
,,,,,,,,,,
,,,,,,,,,,
,,,,,,,,,,
,,,,,,,,,,
,,,,,,,,,,
,,,,,,,,,,
,,,,,,,,,,
,,,,,,,,,,
,,,,,,,,,,
,,,,,,,,,,
,,,,,,,,,,
,,,,,,,,,,
,,,,,,,,,,
,,,,,,,,,,
,,,,,,,,,,
,,,,,,,,,,
,,,,,,,,,,
,,,,,,,,,,
,,,,,,,,,,
,,,,,,,,,,
,,,,,,,,,,
,,,,,,,,,,
,,,,,,,,,,
,,,,,,,,,,
,,,,,,,,,,
,,,,,,,,,,
,,,,,,,,,,
,,,,,,,,,,
,,,,,,,,,,
,,,,,,,,,,
,,,,,,,,,,
,,,,,,,,,,
,,,,,,,,,,
,,,,,,,,,,
,,,,,,,,,,
,,,,,,,,,,
,,,,,,,,,,
,,,,,,,,,,
,,,,,,,,,,
,,,,,,,,,,
,,,,,,,,,,
,,,,,,,,,,
,,,,,,,,,,
,,,,,,,,,,
,,,,,,,,,,
,,,,,,,,,,
,,,,,,,,,,
,,,,,,,,,,
,,,,,,,,,,
,,,,,,,,,,
,,,,,,,,,,
,,,,,,,,,,
,,,,,,,,,,
,,,,,,,,,,
,,,,,,,,,,
,,,,,,,,,,
,,,,,,,,,,
,,,,,,,,,,
,,,,,,,,,,
,,,,,,,,,,
,,,,,,,,,,
,,,,,,,,,,
,,,,,,,,,,
,,,,,,,,,,
,,,,,,,,,,
,,,,,,,,,,
,,,,,,,,,,
,,,,,,,,,,
,,,,,,,,,,
,,,,,,,,,,
,,,,,,,,,,
,,,,,,,,,,
,,,,,,,,,,
,,,,,,,,,,
,,,,,,,,,,
,,,,,,,,,,
,,,,,,,,,,
,,,,,,,,,,
,,,,,,,,,,
,,,,,,,,,,
,,,,,,,,,,
,,,,,,,,,,
,,,,,,,,,,
,,,,,,,,,,
,,,,,,,,,,
,,,,,,,,,,
,,,,,,,,,,
,,,,,,,,,,
,,,,,,,,,,
,,,,,,,,,,
,,,,,,,,,,
,,,,,,,,,,
,,,,,,,,,,
,,,,,,,,,,
,,,,,,,,,,
,,,,,,,,,,
,,,,,,,,,,
,,,,,,,,,,
,,,,,,,,,,
,,,,,,,,,,
,,,,,,,,,,
,,,,,,,,,,
,,,,,,,,,,
,,,,,,,,,,
,,,,,,,,,,
,,,,,,,,,,
,,,,,,,,,,
,,,,,,,,,,
,,,,,,,,,,
,,,,,,,,,,
,,,,,,,,,,
,,,,,,,,,,
,,,,,,,,,,
,,,,,,,,,,
,,,,,,,,,,
,,,,,,,,,,
,,,,,,,,,,
,,,,,,,,,,
,,,,,,,,,,
,,,,,,,,,,
,,,,,,,,,,
,,,,,,,,,,
,,,,,,,,,,
,,,,,,,,,,
,,,,,,,,,,
,,,,,,,,,,
,,,,,,,,,,
,,,,,,,,,,
,,,,,,,,,,
,,,,,,,,,,
,,,,,,,,,,
,,,,,,,,,,
,,,,,,,,,,
,,,,,,,,,,
,,,,,,,,,,
,,,,,,,,,,
,,,,,,,,,,
,,,,,,,,,,
,,,,,,,,,,
,,,,,,,,,,
,,,,,,,,,,
,,,,,,,,,,
,,,,,,,,,,
,,,,,,,,,,
,,,,,,,,,,
,,,,,,,,,,
,,,,,,,,,,
,,,,,,,,,,
,,,,,,,,,,
,,,,,,,,,,
,,,,,,,,,,
,,,,,,,,,,
,,,,,,,,,,
,,,,,,,,,,
,,,,,,,,,,
,,,,,,,,,,
,,,,,,,,,,
,,,,,,,,,,
,,,,,,,,,,
,,,,,,,,,,
,,,,,,,,,,
,,,,,,,,,,
,,,,,,,,,,
,,,,,,,,,,
,,,,,,,,,,
,,,,,,,,,,
,,,,,,,,,,
,,,,,,,,,,
,,,,,,,,,,
,,,,,,,,,,
,,,,,,,,,,
,,,,,,,,,,
,,,,,,,,,,
,,,,,,,,,,
,,,,,,,,,,
,,,,,,,,,,
,,,,,,,,,,
,,,,,,,,,,
,,,,,,,,,,
,,,,,,,,,,
,,,,,,,,,,
,,,,,,,,,,
,,,,,,,,,,
,,,,,,,,,,
,,,,,,,,,,
,,,,,,,,,,
,,,,,,,,,,
,,,,,,,,,,
,,,,,,,,,,
,,,,,,,,,,
,,,,,,,,,,
,,,,,,,,,,
,,,,,,,,,,
,,,,,,,,,,
,,,,,,,,,,
,,,,,,,,,,
,,,,,,,,,,
,,,,,,,,,,
,,,,,,,,,,
,,,,,,,,,,
,,,,,,,,,,
,,,,,,,,,,
,,,,,,,,,,
,,,,,,,,,,
,,,,,,,,,,
,,,,,,,,,,
,,,,,,,,,,
,,,,,,,,,,
,,,,,,,,,,
,,,,,,,,,,
,,,,,,,,,,
,,,,,,,,,,
,,,,,,,,,,
,,,,,,,,,,
,,,,,,,,,,
,,,,,,,,,,
,,,,,,,,,,
,,,,,,,,,,
,,,,,,,,,,
,,,,,,,,,,
,,,,,,,,,,
,,,,,,,,,,
,,,,,,,,,,
,,,,,,,,,,
,,,,,,,,,,
,,,,,,,,,,
,,,,,,,,,,
,,,,,,,,,,
,,,,,,,,,,
,,,,,,,,,,
,,,,,,,,,,
,,,,,,,,,,
,,,,,,,,,,
,,,,,,,,,,
,,,,,,,,,,
,,,,,,,,,,
,,,,,,,,,,
,,,,,,,,,,
,,,,,,,,,,
,,,,,,,,,,
,,,,,,,,,,
,,,,,,,,,,
,,,,,,,,,,
,,,,,,,,,,
,,,,,,,,,,
,,,,,,,,,,
,,,,,,,,,,
,,,,,,,,,,
,,,,,,,,,,
,,,,,,,,,,
,,,,,,,,,,
,,,,,,,,,,
,,,,,,,,,,
,,,,,,,,,,
,,,,,,,,,,
,,,,,,,,,,
,,,,,,,,,,
,,,,,,,,,,
,,,,,,,,,,
,,,,,,,,,,
,,,,,,,,,,
,,,,,,,,,,
,,,,,,,,,,
,,,,,,,,,,
,,,,,,,,,,
,,,,,,,,,,
,,,,,,,,,,
,,,,,,,,,,
,,,,,,,,,,
,,,,,,,,,,
,,,,,,,,,,
,,,,,,,,,,
,,,,,,,,,,
,,,,,,,,,,
,,,,,,,,,,
,,,,,,,,,,
,,,,,,,,,,
,,,,,,,,,,
,,,,,,,,,,
,,,,,,,,,,
,,,,,,,,,,
,,,,,,,,,,
,,,,,,,,,,
,,,,,,,,,,
,,,,,,,,,,
,,,,,,,,,,
,,,,,,,,,,
,,,,,,,,,,
,,,,,,,,,,
,,,,,,,,,,
,,,,,,,,,,
,,,,,,,,,,
,,,,,,,,,,
,,,,,,,,,,
,,,,,,,,,,
,,,,,,,,,,
,,,,,,,,,,
,,,,,,,,,,
,,,,,,,,,,
,,,,,,,,,,
,,,,,,,,,,
,,,,,,,,,,
,,,,,,,,,,
,,,,,,,,,,
,,,,,,,,,,
,,,,,,,,,,
,,,,,,,,,,
,,,,,,,,,,
,,,,,,,,,,
,,,,,,,,,,
,,,,,,,,,,
,,,,,,,,,,
,,,,,,,,,,
,,,,,,,,,,
,,,,,,,,,,
,,,,,,,,,,
,,,,,,,,,,
,,,,,,,,,,
,,,,,,,,,,
,,,,,,,,,,
,,,,,,,,,,
,,,,,,,,,,
,,,,,,,,,,
,,,,,,,,,,
,,,,,,,,,,
,,,,,,,,,,
,,,,,,,,,,
,,,,,,,,,,
,,,,,,,,,,
,,,,,,,,,,
,,,,,,,,,,
,,,,,,,,,,
,,,,,,,,,,
,,,,,,,,,,
,,,,,,,,,,
,,,,,,,,,,
,,,,,,,,,,
,,,,,,,,,,
,,,,,,,,,,
,,,,,,,,,,
,,,,,,,,,,
,,,,,,,,,,
,,,,,,,,,,
,,,,,,,,,,
,,,,,,,,,,
,,,,,,,,,,
,,,,,,,,,,
,,,,,,,,,,
,,,,,,,,,,
,,,,,,,,,,
,,,,,,,,,,
,,,,,,,,,,
,,,,,,,,,,
,,,,,,,,,,
,,,,,,,,,,
,,,,,,,,,,
,,,,,,,,,,
,,,,,,,,,,
,,,,,,,,,,
,,,,,,,,,,
,,,,,,,,,,
,,,,,,,,,,
,,,,,,,,,,
,,,,,,,,,,
,,,,,,,,,,
,,,,,,,,,,
,,,,,,,,,,
,,,,,,,,,,
,,,,,,,,,,
,,,,,,,,,,
,,,,,,,,,,
,,,,,,,,,,
,,,,,,,,,,
,,,,,,,,,,
,,,,,,,,,,
,,,,,,,,,,
,,,,,,,,,,
,,,,,,,,,,
,,,,,,,,,,
,,,,,,,,,,
,,,,,,,,,,
,,,,,,,,,,
,,,,,,,,,,
,,,,,,,,,,
,,,,,,,,,,
,,,,,,,,,,
,,,,,,,,,,
,,,,,,,,,,
,,,,,,,,,,
,,,,,,,,,,
,,,,,,,,,,
,,,,,,,,,,
,,,,,,,,,,
,,,,,,,,,,
,,,,,,,,,,
,,,,,,,,,,
,,,,,,,,,,
,,,,,,,,,,
,,,,,,,,,,
,,,,,,,,,,
,,,,,,,,,,
,,,,,,,,,,
,,,,,,,,,,
,,,,,,,,,,
,,,,,,,,,,
,,,,,,,,,,
,,,,,,,,,,
,,,,,,,,,,
,,,,,,,,,,
,,,,,,,,,,
,,,,,,,,,,
,,,,,,,,,,
,,,,,,,,,,
,,,,,,,,,,
,,,,,,,,,,
,,,,,,,,,,
,,,,,,,,,,
,,,,,,,,,,
,,,,,,,,,,
,,,,,,,,,,
,,,,,,,,,,
,,,,,,,,,,
,,,,,,,,,,
,,,,,,,,,,
,,,,,,,,,,
,,,,,,,,,,
,,,,,,,,,,
,,,,,,,,,,
,,,,,,,,,,
,,,,,,,,,,
,,,,,,,,,,
,,,,,,,,,,
,,,,,,,,,,
,,,,,,,,,,
,,,,,,,,,,
,,,,,,,,,,
,,,,,,,,,,
,,,,,,,,,,
,,,,,,,,,,
,,,,,,,,,,
,,,,,,,,,,
,,,,,,,,,,
,,,,,,,,,,
,,,,,,,,,,
,,,,,,,,,,
,,,,,,,,,,
,,,,,,,,,,
,,,,,,,,,,
,,,,,,,,,,
,,,,,,,,,,
,,,,,,,,,,
,,,,,,,,,,
,,,,,,,,,,
,,,,,,,,,,
,,,,,,,,,,
,,,,,,,,,,
,,,,,,,,,,
,,,,,,,,,,
,,,,,,,,,,
,,,,,,,,,,
,,,,,,,,,,
,,,,,,,,,,
,,,,,,,,,,
,,,,,,,,,,
,,,,,,,,,,
,,,,,,,,,,
,,,,,,,,,,
,,,,,,,,,,
,,,,,,,,,,
,,,,,,,,,,
,,,,,,,,,,
,,,,,,,,,,
,,,,,,,,,,
,,,,,,,,,,
,,,,,,,,,,
,,,,,,,,,,
,,,,,,,,,,
,,,,,,,,,,
,,,,,,,,,,
,,,,,,,,,,
,,,,,,,,,,
,,,,,,,,,,
,,,,,,,,,,
,,,,,,,,,,
,,,,,,,,,,
,,,,,,,,,,
,,,,,,,,,,
,,,,,,,,,,
,,,,,,,,,,
,,,,,,,,,,
,,,,,,,,,,
,,,,,,,,,,
,,,,,,,,,,
,,,,,,,,,,
,,,,,,,,,,
,,,,,,,,,,
,,,,,,,,,,
,,,,,,,,,,
,,,,,,,,,,
,,,,,,,,,,
,,,,,,,,,,
,,,,,,,,,,
,,,,,,,,,,
,,,,,,,,,,
,,,,,,,,,,
,,,,,,,,,,
,,,,,,,,,,
,,,,,,,,,,
,,,,,,,,,,
,,,,,,,,,,
,,,,,,,,,,
,,,,,,,,,,
,,,,,,,,,,
,,,,,,,,,,
,,,,,,,,,,
,,,,,,,,,,
,,,,,,,,,,
,,,,,,,,,,
,,,,,,,,,,
,,,,,,,,,,
,,,,,,,,,,
,,,,,,,,,,
,,,,,,,,,,
,,,,,,,,,,
,,,,,,,,,,
,,,,,,,,,,
,,,,,,,,,,
,,,,,,,,,,
,,,,,,,,,,
,,,,,,,,,,
,,,,,,,,,,
,,,,,,,,,,
,,,,,,,,,,
,,,,,,,,,,
,,,,,,,,,,
,,,,,,,,,,
,,,,,,,,,,
,,,,,,,,,,
,,,,,,,,,,
,,,,,,,,,,
,,,,,,,,,,
,,,,,,,,,,
,,,,,,,,,,
,,,,,,,,,,
,,,,,,,,,,
,,,,,,,,,,
,,,,,,,,,,
,,,,,,,,,,
,,,,,,,,,,
,,,,,,,,,,
,,,,,,,,,,
,,,,,,,,,,
,,,,,,,,,,
,,,,,,,,,,
,,,,,,,,,,
,,,,,,,,,,
,,,,,,,,,,
,,,,,,,,,,
,,,,,,,,,,
,,,,,,,,,,
,,,,,,,,,,
,,,,,,,,,,
,,,,,,,,,,
,,,,,,,,,,
,,,,,,,,,,
,,,,,,,,,,
,,,,,,,,,,
,,,,,,,,,,
,,,,,,,,,,
,,,,,,,,,,
,,,,,,,,,,
,,,,,,,,,,
,,,,,,,,,,
,,,,,,,,,,
,,,,,,,,,,
,,,,,,,,,,
,,,,,,,,,,
,,,,,,,,,,
,,,,,,,,,,
,,,,,,,,,,
,,,,,,,,,,
,,,,,,,,,,
,,,,,,,,,,
,,,,,,,,,,
,,,,,,,,,,
,,,,,,,,,,
,,,,,,,,,,
,,,,,,,,,,
,,,,,,,,,,
,,,,,,,,,,
,,,,,,,,,,
,,,,,,,,,,
,,,,,,,,,,
,,,,,,,,,,
,,,,,,,,,,
,,,,,,,,,,
,,,,,,,,,,
,,,,,,,,,,
,,,,,,,,,,
,,,,,,,,,,
,,,,,,,,,,
,,,,,,,,,,
,,,,,,,,,,
,,,,,,,,,,
,,,,,,,,,,
,,,,,,,,,,
,,,,,,,,,,
,,,,,,,,,,
,,,,,,,,,,
,,,,,,,,,,
,,,,,,,,,,
,,,,,,,,,,
,,,,,,,,,,
,,,,,,,,,,
,,,,,,,,,,
,,,,,,,,,,
,,,,,,,,,,
,,,,,,,,,,
,,,,,,,,,,
,,,,,,,,,,
,,,,,,,,,,
,,,,,,,,,,
,,,,,,,,,,
,,,,,,,,,,
,,,,,,,,,,
,,,,,,,,,,
,,,,,,,,,,
,,,,,,,,,,
,,,,,,,,,,
,,,,,,,,,,
,,,,,,,,,,
,,,,,,,,,,
,,,,,,,,,,
,,,,,,,,,,
,,,,,,,,,,
,,,,,,,,,,
,,,,,,,,,,
,,,,,,,,,,
,,,,,,,,,,
,,,,,,,,,,
,,,,,,,,,,
,,,,,,,,,,
,,,,,,,,,,
,,,,,,,,,,
,,,,,,,,,,
,,,,,,,,,,
,,,,,,,,,,
,,,,,,,,,,
,,,,,,,,,,
,,,,,,,,,,
,,,,,,,,,,
,,,,,,,,,,
,,,,,,,,,,
,,,,,,,,,,
,,,,,,,,,,
,,,,,,,,,,
,,,,,,,,,,
,,,,,,,,,,
,,,,,,,,,,
,,,,,,,,,,
,,,,,,,,,,
,,,,,,,,,,
,,,,,,,,,,
,,,,,,,,,,
,,,,,,,,,,
,,,,,,,,,,
,,,,,,,,,,
,,,,,,,,,,
,,,,,,,,,,
,,,,,,,,,,
,,,,,,,,,,
,,,,,,,,,,
,,,,,,,,,,
,,,,,,,,,,
,,,,,,,,,,
,,,,,,,,,,
,,,,,,,,,,
,,,,,,,,,,
,,,,,,,,,,
,,,,,,,,,,
,,,,,,,,,,
,,,,,,,,,,
,,,,,,,,,,
,,,,,,,,,,
,,,,,,,,,,
,,,,,,,,,,
,,,,,,,,,,
,,,,,,,,,,
,,,,,,,,,,
,,,,,,,,,,
,,,,,,,,,,
,,,,,,,,,,
,,,,,,,,,,
,,,,,,,,,,
,,,,,,,,,,
,,,,,,,,,,
,,,,,,,,,,
,,,,,,,,,,
,,,,,,,,,,
,,,,,,,,,,
,,,,,,,,,,
,,,,,,,,,,
,,,,,,,,,,
,,,,,,,,,,
,,,,,,,,,,
,,,,,,,,,,
,,,,,,,,,,
,,,,,,,,,,
,,,,,,,,,,
,,,,,,,,,,
,,,,,,,,,,
,,,,,,,,,,
,,,,,,,,,,
,,,,,,,,,,
,,,,,,,,,,
,,,,,,,,,,
,,,,,,,,,,
,,,,,,,,,,
,,,,,,,,,,
,,,,,,,,,,
,,,,,,,,,,
,,,,,,,,,,
,,,,,,,,,,
,,,,,,,,,,
,,,,,,,,,,
,,,,,,,,,,
,,,,,,,,,,
,,,,,,,,,,
,,,,,,,,,,
,,,,,,,,,,
,,,,,,,,,,
,,,,,,,,,,
,,,,,,,,,,
,,,,,,,,,,
,,,,,,,,,,
,,,,,,,,,,
,,,,,,,,,,
,,,,,,,,,,
,,,,,,,,,,
,,,,,,,,,,
,,,,,,,,,,
,,,,,,,,,,
,,,,,,,,,,
,,,,,,,,,,
,,,,,,,,,,
,,,,,,,,,,
,,,,,,,,,,
,,,,,,,,,,
,,,,,,,,,,
,,,,,,,,,,
,,,,,,,,,,
,,,,,,,,,,
,,,,,,,,,,
,,,,,,,,,,
,,,,,,,,,,
,,,,,,,,,,
,,,,,,,,,,
,,,,,,,,,,
,,,,,,,,,,
,,,,,,,,,,
,,,,,,,,,,
,,,,,,,,,,
,,,,,,,,,,
,,,,,,,,,,
,,,,,,,,,,
,,,,,,,,,,
,,,,,,,,,,
,,,,,,,,,,
,,,,,,,,,,
,,,,,,,,,,
,,,,,,,,,,
,,,,,,,,,,
,,,,,,,,,,
,,,,,,,,,,
,,,,,,,,,,
,,,,,,,,,,
,,,,,,,,,,
,,,,,,,,,,
,,,,,,,,,,
,,,,,,,,,,
,,,,,,,,,,
,,,,,,,,,,
,,,,,,,,,,
,,,,,,,,,,
,,,,,,,,,,
,,,,,,,,,,
,,,,,,,,,,
,,,,,,,,,,
,,,,,,,,,,
,,,,,,,,,,
,,,,,,,,,,
,,,,,,,,,,
,,,,,,,,,,
,,,,,,,,,,
,,,,,,,,,,
,,,,,,,,,,
,,,,,,,,,,
,,,,,,,,,,
,,,,,,,,,,
,,,,,,,,,,
,,,,,,,,,,
,,,,,,,,,,
,,,,,,,,,,
,,,,,,,,,,
,,,,,,,,,,
,,,,,,,,,,
,,,,,,,,,,
,,,,,,,,,,
,,,,,,,,,,
,,,,,,,,,,
,,,,,,,,,,
,,,,,,,,,,
,,,,,,,,,,
,,,,,,,,,,
,,,,,,,,,,
,,,,,,,,,,
,,,,,,,,,,
,,,,,,,,,,
,,,,,,,,,,
,,,,,,,,,,
,,,,,,,,,,
,,,,,,,,,,
,,,,,,,,,,
,,,,,,,,,,
,,,,,,,,,,
,,,,,,,,,,
,,,,,,,,,,
,,,,,,,,,,
,,,,,,,,,,
,,,,,,,,,,
,,,,,,,,,,
,,,,,,,,,,
,,,,,,,,,,
,,,,,,,,,,
,,,,,,,,,,
,,,,,,,,,,
,,,,,,,,,,
,,,,,,,,,,
,,,,,,,,,,
,,,,,,,,,,
,,,,,,,,,,
,,,,,,,,,,
,,,,,,,,,,
,,,,,,,,,,
,,,,,,,,,,
,,,,,,,,,,
,,,,,,,,,,
,,,,,,,,,,
,,,,,,,,,,
,,,,,,,,,,
,,,,,,,,,,
,,,,,,,,,,
,,,,,,,,,,
,,,,,,,,,,
,,,,,,,,,,
,,,,,,,,,,
,,,,,,,,,,
,,,,,,,,,,
,,,,,,,,,,
,,,,,,,,,,
,,,,,,,,,,
,,,,,,,,,,
,,,,,,,,,,
,,,,,,,,,,
,,,,,,,,,,
,,,,,,,,,,
,,,,,,,,,,
,,,,,,,,,,
,,,,,,,,,,
,,,,,,,,,,
,,,,,,,,,,
,,,,,,,,,,
,,,,,,,,,,
,,,,,,,,,,
,,,,,,,,,,
,,,,,,,,,,
,,,,,,,,,,
,,,,,,,,,,
,,,,,,,,,,
,,,,,,,,,,
,,,,,,,,,,
,,,,,,,,,,
,,,,,,,,,,
,,,,,,,,,,
,,,,,,,,,,
,,,,,,,,,,
,,,,,,,,,,
,,,,,,,,,,
,,,,,,,,,,
,,,,,,,,,,
,,,,,,,,,,
,,,,,,,,,,
,,,,,,,,,,
,,,,,,,,,,
,,,,,,,,,,
,,,,,,,,,,
,,,,,,,,,,
,,,,,,,,,,
,,,,,,,,,,
,,,,,,,,,,
,,,,,,,,,,
,,,,,,,,,,
,,,,,,,,,,
,,,,,,,,,,
,,,,,,,,,,
,,,,,,,,,,
,,,,,,,,,,
,,,,,,,,,,
,,,,,,,,,,
,,,,,,,,,,
,,,,,,,,,,
,,,,,,,,,,
,,,,,,,,,,
,,,,,,,,,,
,,,,,,,,,,
,,,,,,,,,,
,,,,,,,,,,
,,,,,,,,,,
,,,,,,,,,,
,,,,,,,,,,
,,,,,,,,,,
,,,,,,,,,,
,,,,,,,,,,
,,,,,,,,,,
,,,,,,,,,,
,,,,,,,,,,
,,,,,,,,,,
,,,,,,,,,,
,,,,,,,,,,
,,,,,,,,,,
,,,,,,,,,,
,,,,,,,,,,
,,,,,,,,,,
,,,,,,,,,,
,,,,,,,,,,
,,,,,,,,,,
,,,,,,,,,,
,,,,,,,,,,
,,,,,,,,,,
,,,,,,,,,,
,,,,,,,,,,
,,,,,,,,,,
,,,,,,,,,,
,,,,,,,,,,
,,,,,,,,,,
,,,,,,,,,,
,,,,,,,,,,
,,,,,,,,,,
,,,,,,,,,,
,,,,,,,,,,
,,,,,,,,,,
,,,,,,,,,,
,,,,,,,,,,
,,,,,,,,,,
,,,,,,,,,,
,,,,,,,,,,
,,,,,,,,,,
,,,,,,,,,,
,,,,,,,,,,
,,,,,,,,,,
,,,,,,,,,,
,,,,,,,,,,
,,,,,,,,,,
,,,,,,,,,,
,,,,,,,,,,
,,,,,,,,,,
,,,,,,,,,,
,,,,,,,,,,
,,,,,,,,,,
,,,,,,,,,,
,,,,,,,,,,
,,,,,,,,,,
,,,,,,,,,,
,,,,,,,,,,
,,,,,,,,,,
,,,,,,,,,,
,,,,,,,,,,
,,,,,,,,,,
,,,,,,,,,,
,,,,,,,,,,
,,,,,,,,,,
,,,,,,,,,,
,,,,,,,,,,
,,,,,,,,,,
,,,,,,,,,,
,,,,,,,,,,
,,,,,,,,,,
,,,,,,,,,,
,,,,,,,,,,
,,,,,,,,,,
,,,,,,,,,,
,,,,,,,,,,
,,,,,,,,,,
,,,,,,,,,,
,,,,,,,,,,
,,,,,,,,,,
,,,,,,,,,,
,,,,,,,,,,
,,,,,,,,,,
,,,,,,,,,,
,,,,,,,,,,
,,,,,,,,,,
,,,,,,,,,,
,,,,,,,,,,
,,,,,,,,,,
,,,,,,,,,,
,,,,,,,,,,
,,,,,,,,,,
,,,,,,,,,,
,,,,,,,,,,
,,,,,,,,,,
,,,,,,,,,,
,,,,,,,,,,
,,,,,,,,,,
,,,,,,,,,,
,,,,,,,,,,
,,,,,,,,,,
,,,,,,,,,,
,,,,,,,,,,
,,,,,,,,,,
,,,,,,,,,,
,,,,,,,,,,
,,,,,,,,,,
,,,,,,,,,,
,,,,,,,,,,
,,,,,,,,,,
,,,,,,,,,,
,,,,,,,,,,
,,,,,,,,,,
,,,,,,,,,,
,,,,,,,,,,
,,,,,,,,,,
,,,,,,,,,,
,,,,,,,,,,
,,,,,,,,,,
,,,,,,,,,,
,,,,,,,,,,
,,,,,,,,,,
,,,,,,,,,,
,,,,,,,,,,
,,,,,,,,,,
,,,,,,,,,,
,,,,,,,,,,
,,,,,,,,,,
,,,,,,,,,,
,,,,,,,,,,
,,,,,,,,,,
,,,,,,,,,,
,,,,,,,,,,
,,,,,,,,,,
,,,,,,,,,,
,,,,,,,,,,
,,,,,,,,,,
,,,,,,,,,,
,,,,,,,,,,
,,,,,,,,,,
,,,,,,,,,,
,,,,,,,,,,
,,,,,,,,,,
,,,,,,,,,,
,,,,,,,,,,
,,,,,,,,,,
,,,,,,,,,,
,,,,,,,,,,
,,,,,,,,,,
,,,,,,,,,,
,,,,,,,,,,
,,,,,,,,,,
,,,,,,,,,,
,,,,,,,,,,
,,,,,,,,,,
,,,,,,,,,,
,,,,,,,,,,
,,,,,,,,,,
,,,,,,,,,,
,,,,,,,,,,
,,,,,,,,,,
,,,,,,,,,,
,,,,,,,,,,
,,,,,,,,,,
,,,,,,,,,,
,,,,,,,,,,
,,,,,,,,,,
,,,,,,,,,,
,,,,,,,,,,
,,,,,,,,,,
,,,,,,,,,,
,,,,,,,,,,
,,,,,,,,,,
,,,,,,,,,,
,,,,,,,,,,
,,,,,,,,,,
,,,,,,,,,,
,,,,,,,,,,
,,,,,,,,,,
,,,,,,,,,,
,,,,,,,,,,
,,,,,,,,,,
,,,,,,,,,,
,,,,,,,,,,
,,,,,,,,,,
,,,,,,,,,,
,,,,,,,,,,
,,,,,,,,,,
,,,,,,,,,,
,,,,,,,,,,
,,,,,,,,,,
,,,,,,,,,,
,,,,,,,,,,
,,,,,,,,,,
,,,,,,,,,,
,,,,,,,,,,
,,,,,,,,,,
,,,,,,,,,,
,,,,,,,,,,
,,,,,,,,,,
,,,,,,,,,,
,,,,,,,,,,
,,,,,,,,,,
,,,,,,,,,,
,,,,,,,,,,
,,,,,,,,,,
,,,,,,,,,,
,,,,,,,,,,
,,,,,,,,,,
,,,,,,,,,,
,,,,,,,,,,
,,,,,,,,,,
,,,,,,,,,,
,,,,,,,,,,
,,,,,,,,,,
,,,,,,,,,,
,,,,,,,,,,
,,,,,,,,,,
,,,,,,,,,,
,,,,,,,,,,
,,,,,,,,,,
,,,,,,,,,,
,,,,,,,,,,
,,,,,,,,,,
,,,,,,,,,,
,,,,,,,,,,
,,,,,,,,,,
,,,,,,,,,,
,,,,,,,,,,
,,,,,,,,,,
,,,,,,,,,,
,,,,,,,,,,
,,,,,,,,,,
,,,,,,,,,,
,,,,,,,,,,
,,,,,,,,,,
,,,,,,,,,,
,,,,,,,,,,
,,,,,,,,,,
,,,,,,,,,,
,,,,,,,,,,
,,,,,,,,,,
,,,,,,,,,,
,,,,,,,,,,
,,,,,,,,,,
,,,,,,,,,,
,,,,,,,,,,
,,,,,,,,,,
,,,,,,,,,,
,,,,,,,,,,
,,,,,,,,,,
,,,,,,,,,,
,,,,,,,,,,
,,,,,,,,,,
,,,,,,,,,,
,,,,,,,,,,
,,,,,,,,,,
,,,,,,,,,,
,,,,,,,,,,
,,,,,,,,,,
,,,,,,,,,,
,,,,,,,,,,
,,,,,,,,,,
,,,,,,,,,,
,,,,,,,,,,
,,,,,,,,,,
,,,,,,,,,,
,,,,,,,,,,
,,,,,,,,,,
,,,,,,,,,,
,,,,,,,,,,
,,,,,,,,,,
,,,,,,,,,,
,,,,,,,,,,
,,,,,,,,,,
,,,,,,,,,,
,,,,,,,,,,
,,,,,,,,,,
,,,,,,,,,,
,,,,,,,,,,
,,,,,,,,,,
,,,,,,,,,,
,,,,,,,,,,
,,,,,,,,,,
,,,,,,,,,,
,,,,,,,,,,
,,,,,,,,,,
,,,,,,,,,,
,,,,,,,,,,
,,,,,,,,,,
,,,,,,,,,,
,,,,,,,,,,
,,,,,,,,,,
,,,,,,,,,,
,,,,,,,,,,
,,,,,,,,,,
,,,,,,,,,,
,,,,,,,,,,
,,,,,,,,,,
,,,,,,,,,,
,,,,,,,,,,
,,,,,,,,,,
,,,,,,,,,,
,,,,,,,,,,
,,,,,,,,,,
,,,,,,,,,,
,,,,,,,,,,
,,,,,,,,,,
,,,,,,,,,,
,,,,,,,,,,
,,,,,,,,,,
,,,,,,,,,,
,,,,,,,,,,
,,,,,,,,,,
,,,,,,,,,,
,,,,,,,,,,
,,,,,,,,,,
,,,,,,,,,,
,,,,,,,,,,
,,,,,,,,,,
,,,,,,,,,,
,,,,,,,,,,
,,,,,,,,,,
,,,,,,,,,,
,,,,,,,,,,
,,,,,,,,,,
,,,,,,,,,,
,,,,,,,,,,
,,,,,,,,,,
,,,,,,,,,,
,,,,,,,,,,
,,,,,,,,,,
,,,,,,,,,,
,,,,,,,,,,
,,,,,,,,,,
,,,,,,,,,,
,,,,,,,,,,
,,,,,,,,,,
,,,,,,,,,,
,,,,,,,,,,
,,,,,,,,,,
,,,,,,,,,,
,,,,,,,,,,
,,,,,,,,,,
,,,,,,,,,,
,,,,,,,,,,
,,,,,,,,,,
,,,,,,,,,,
,,,,,,,,,,
,,,,,,,,,,
,,,,,,,,,,
,,,,,,,,,,
,,,,,,,,,,
,,,,,,,,,,
,,,,,,,,,,
,,,,,,,,,,
,,,,,,,,,,
,,,,,,,,,,
,,,,,,,,,,
,,,,,,,,,,
,,,,,,,,,,
,,,,,,,,,,
,,,,,,,,,,
,,,,,,,,,,
,,,,,,,,,,
,,,,,,,,,,
,,,,,,,,,,
,,,,,,,,,,
,,,,,,,,,,
,,,,,,,,,,
,,,,,,,,,,
,,,,,,,,,,
,,,,,,,,,,
,,,,,,,,,,
,,,,,,,,,,
,,,,,,,,,,
,,,,,,,,,,
,,,,,,,,,,
,,,,,,,,,,
,,,,,,,,,,
,,,,,,,,,,
,,,,,,,,,,
,,,,,,,,,,
,,,,,,,,,,
,,,,,,,,,,
,,,,,,,,,,
,,,,,,,,,,
,,,,,,,,,,
,,,,,,,,,,
,,,,,,,,,,
,,,,,,,,,,
,,,,,,,,,,
,,,,,,,,,,
,,,,,,,,,,
,,,,,,,,,,
,,,,,,,,,,
,,,,,,,,,,
,,,,,,,,,,
,,,,,,,,,,
,,,,,,,,,,
,,,,,,,,,,
,,,,,,,,,,
,,,,,,,,,,
,,,,,,,,,,
,,,,,,,,,,
,,,,,,,,,,
,,,,,,,,,,
,,,,,,,,,,
,,,,,,,,,,
,,,,,,,,,,
,,,,,,,,,,
,,,,,,,,,,
,,,,,,,,,,
,,,,,,,,,,
,,,,,,,,,,
,,,,,,,,,,
,,,,,,,,,,
,,,,,,,,,,
,,,,,,,,,,
,,,,,,,,,,
,,,,,,,,,,
,,,,,,,,,,
,,,,,,,,,,
,,,,,,,,,,
,,,,,,,,,,
,,,,,,,,,,
,,,,,,,,,,
,,,,,,,,,,
,,,,,,,,,,
,,,,,,,,,,
,,,,,,,,,,
,,,,,,,,,,
,,,,,,,,,,
,,,,,,,,,,
,,,,,,,,,,
,,,,,,,,,,
,,,,,,,,,,
,,,,,,,,,,
,,,,,,,,,,
,,,,,,,,,,
,,,,,,,,,,
,,,,,,,,,,
,,,,,,,,,,
,,,,,,,,,,
,,,,,,,,,,
,,,,,,,,,,
,,,,,,,,,,
,,,,,,,,,,
,,,,,,,,,,
,,,,,,,,,,
,,,,,,,,,,
,,,,,,,,,,
,,,,,,,,,,
,,,,,,,,,,
,,,,,,,,,,
,,,,,,,,,,
,,,,,,,,,,
,,,,,,,,,,
,,,,,,,,,,
,,,,,,,,,,
,,,,,,,,,,
,,,,,,,,,,
,,,,,,,,,,
,,,,,,,,,,
,,,,,,,,,,
,,,,,,,,,,
,,,,,,,,,,
,,,,,,,,,,
,,,,,,,,,,
,,,,,,,,,,
,,,,,,,,,,
,,,,,,,,,,
,,,,,,,,,,
,,,,,,,,,,
,,,,,,,,,,
,,,,,,,,,,
,,,,,,,,,,
,,,,,,,,,,
,,,,,,,,,,
,,,,,,,,,,
,,,,,,,,,,
,,,,,,,,,,
,,,,,,,,,,
,,,,,,,,,,
,,,,,,,,,,
,,,,,,,,,,
,,,,,,,,,,
,,,,,,,,,,
,,,,,,,,,,
,,,,,,,,,,
,,,,,,,,,,
,,,,,,,,,,
,,,,,,,,,,
,,,,,,,,,,
,,,,,,,,,,
,,,,,,,,,,
,,,,,,,,,,
,,,,,,,,,,
,,,,,,,,,,
,,,,,,,,,,
,,,,,,,,,,
,,,,,,,,,,
,,,,,,,,,,
,,,,,,,,,,
,,,,,,,,,,
,,,,,,,,,,
,,,,,,,,,,
,,,,,,,,,,
,,,,,,,,,,
,,,,,,,,,,
,,,,,,,,,,
,,,,,,,,,,
,,,,,,,,,,
,,,,,,,,,,
,,,,,,,,,,
,,,,,,,,,,
,,,,,,,,,,
,,,,,,,,,,
,,,,,,,,,,
,,,,,,,,,,
,,,,,,,,,,
,,,,,,,,,,
,,,,,,,,,,
,,,,,,,,,,
,,,,,,,,,,
,,,,,,,,,,
,,,,,,,,,,
,,,,,,,,,,
,,,,,,,,,,
,,,,,,,,,,
,,,,,,,,,,
,,,,,,,,,,
,,,,,,,,,,
,,,,,,,,,,
,,,,,,,,,,
,,,,,,,,,,
,,,,,,,,,,
,,,,,,,,,,
,,,,,,,,,,
,,,,,,,,,,
,,,,,,,,,,
,,,,,,,,,,
,,,,,,,,,,
,,,,,,,,,,
,,,,,,,,,,
,,,,,,,,,,
,,,,,,,,,,
,,,,,,,,,,
,,,,,,,,,,
,,,,,,,,,,
,,,,,,,,,,
,,,,,,,,,,
,,,,,,,,,,
,,,,,,,,,,
,,,,,,,,,,
,,,,,,,,,,
,,,,,,,,,,
,,,,,,,,,,
,,,,,,,,,,
,,,,,,,,,,
,,,,,,,,,,
,,,,,,,,,,
,,,,,,,,,,
,,,,,,,,,,
,,,,,,,,,,
,,,,,,,,,,
,,,,,,,,,,
,,,,,,,,,,
,,,,,,,,,,
,,,,,,,,,,
,,,,,,,,,,
,,,,,,,,,,
,,,,,,,,,,
,,,,,,,,,,
,,,,,,,,,,
,,,,,,,,,,
,,,,,,,,,,
,,,,,,,,,,
,,,,,,,,,,
,,,,,,,,,,
,,,,,,,,,,
,,,,,,,,,,
,,,,,,,,,,
,,,,,,,,,,
,,,,,,,,,,
,,,,,,,,,,
,,,,,,,,,,
,,,,,,,,,,
,,,,,,,,,,
,,,,,,,,,,
,,,,,,,,,,
,,,,,,,,,,
,,,,,,,,,,
,,,,,,,,,,
,,,,,,,,,,
,,,,,,,,,,
,,,,,,,,,,
,,,,,,,,,,
,,,,,,,,,,
,,,,,,,,,,
,,,,,,,,,,
,,,,,,,,,,
,,,,,,,,,,
,,,,,,,,,,
,,,,,,,,,,
,,,,,,,,,,
,,,,,,,,,,
,,,,,,,,,,
,,,,,,,,,,
,,,,,,,,,,
,,,,,,,,,,
,,,,,,,,,,
,,,,,,,,,,
,,,,,,,,,,
,,,,,,,,,,
,,,,,,,,,,
,,,,,,,,,,
,,,,,,,,,,
,,,,,,,,,,
,,,,,,,,,,
,,,,,,,,,,
,,,,,,,,,,
,,,,,,,,,,
,,,,,,,,,,
,,,,,,,,,,
,,,,,,,,,,
,,,,,,,,,,
,,,,,,,,,,
,,,,,,,,,,
,,,,,,,,,,
,,,,,,,,,,
,,,,,,,,,,
,,,,,,,,,,
,,,,,,,,,,
,,,,,,,,,,
,,,,,,,,,,
,,,,,,,,,,
,,,,,,,,,,
,,,,,,,,,,
,,,,,,,,,,
,,,,,,,,,,
,,,,,,,,,,
,,,,,,,,,,
,,,,,,,,,,
,,,,,,,,,,
,,,,,,,,,,
,,,,,,,,,,
,,,,,,,,,,
,,,,,,,,,,
,,,,,,,,,,
,,,,,,,,,,
,,,,,,,,,,
,,,,,,,,,,
,,,,,,,,,,
,,,,,,,,,,
,,,,,,,,,,
,,,,,,,,,,
,,,,,,,,,,
,,,,,,,,,,
,,,,,,,,,,
,,,,,,,,,,
,,,,,,,,,,
,,,,,,,,,,
,,,,,,,,,,
,,,,,,,,,,
,,,,,,,,,,
,,,,,,,,,,
,,,,,,,,,,
,,,,,,,,,,
,,,,,,,,,,
,,,,,,,,,,
,,,,,,,,,,
,,,,,,,,,,
,,,,,,,,,,
,,,,,,,,,,
,,,,,,,,,,
,,,,,,,,,,
,,,,,,,,,,
,,,,,,,,,,
,,,,,,,,,,
,,,,,,,,,,
,,,,,,,,,,
,,,,,,,,,,
,,,,,,,,,,
,,,,,,,,,,
,,,,,,,,,,
,,,,,,,,,,
,,,,,,,,,,
,,,,,,,,,,
,,,,,,,,,,
,,,,,,,,,,
,,,,,,,,,,
,,,,,,,,,,
,,,,,,,,,,
,,,,,,,,,,
,,,,,,,,,,
,,,,,,,,,,
,,,,,,,,,,
,,,,,,,,,,
,,,,,,,,,,
,,,,,,,,,,
,,,,,,,,,,
,,,,,,,,,,
,,,,,,,,,,
,,,,,,,,,,
,,,,,,,,,,
,,,,,,,,,,
,,,,,,,,,,
,,,,,,,,,,
,,,,,,,,,,
,,,,,,,,,,
,,,,,,,,,,
,,,,,,,,,,
,,,,,,,,,,
,,,,,,,,,,
,,,,,,,,,,
,,,,,,,,,,
,,,,,,,,,,
,,,,,,,,,,
,,,,,,,,,,
,,,,,,,,,,
,,,,,,,,,,
,,,,,,,,,,
